map_name,matches,rounds,test_rounds_expected,fraction_needed_matches,fraction_needed_rounds,fraction_needed,meets_targets
cs_agency,1,21,4.2,inf,inf,inf,False
cs_italy,2,41,8.200000000000001,inf,inf,inf,False
cs_office,37,768,153.60000000000002,inf,0.48828124999999994,inf,False
cs_shelter,2,40,8.0,inf,inf,inf,False
de_ancient,380,7836,1567.2,0.15,0.15,0.15,True
de_anubis,186,3893,778.6,0.24193548387096775,0.15,0.24193548387096775,False
de_cache,139,2846,569.2,0.3237410071942446,0.15,0.3237410071942446,False
de_dust2,934,19175,3835.0,0.15,0.15,0.15,True
de_fachwerk,1,24,4.800000000000001,inf,inf,inf,False
de_golden,1,24,4.800000000000001,inf,inf,inf,False
de_grail,2,42,8.4,inf,inf,inf,False
de_inferno,453,9467,1893.4,0.15,0.15,0.15,True
de_mirage,1022,20758,4151.6,0.15,0.15,0.15,True
de_nuke,472,9709,1941.8000000000002,0.15,0.15,0.15,True
de_overpass,163,3383,676.6,0.27607361963190186,0.15,0.27607361963190186,False
de_palacio,1,22,4.4,inf,inf,inf,False
de_train,63,1275,255.0,0.7142857142857143,0.29411764705882354,0.7142857142857143,False
de_vertigo,65,1286,257.2,0.6923076923076923,0.291601866251944,0.6923076923076923,False
de_warden,6,123,24.6,inf,inf,inf,False
