stratum,level,model,rows,matches,rounds,logloss,logloss_ci,brier,brier_ci,ece
tier,high,map_only,1913767,835,17589,0.6930409516678006,"(0.692541936613222, 0.6935645331895226)",0.24994687113375763,"(0.24969753158666744, 0.250208427071775)",0.012834552026502832
tier,high,baseline_wp,1913767,835,17589,0.5104137166383271,"(0.5065504078887421, 0.5149634214661107)",0.1733366849898289,"(0.17184885481622106, 0.17517903703491233)",0.010168939292996742
tier,low,map_only,5193234,2432,49857,0.6924862561587469,"(0.6921424209418914, 0.6928416484152853)",0.24966923075589068,"(0.24949756488517916, 0.24984629860382998)",0.007810269616836881
tier,low,baseline_wp,5193234,2432,49857,0.5183333817136663,"(0.515292435782453, 0.5213214957025788)",0.17569727441395686,"(0.17447311551802475, 0.1768880298454205)",0.008622328004981583
tier,mid,map_only,2582861,1161,24223,0.6927559383193906,"(0.692308350505496, 0.6932155001907546)",0.24980443274464012,"(0.24958080591538584, 0.25003408031336843)",0.010923824954215662
tier,mid,baseline_wp,2582861,1161,24223,0.5151285435121893,"(0.5110776931982737, 0.5193465019131766)",0.17471173160820583,"(0.17316943683210007, 0.1763140976682025)",0.009419302934895875
tier,null,map_only,3017618,1462,29336,0.6932563552134523,"(0.6927475499157095, 0.6937777086296828)",0.25005221285869905,"(0.24979904853044832, 0.25030989549213717)",0.012236493684224066
tier,null,baseline_wp,3017618,1462,29336,0.5154789784798103,"(0.5114630393129158, 0.5194796202821522)",0.17467364457608803,"(0.17311848629463694, 0.17613241707108032)",0.008881914220245889
tier,semipro,map_only,919431,403,8522,0.6931511827153616,"(0.6923020433575701, 0.694059091025744)",0.25000213861611315,"(0.2495779054751495, 0.2504557324990785)",0.023226430286014475
tier,semipro,baseline_wp,919431,403,8522,0.513651273182092,"(0.5074393547843283, 0.520358237226865)",0.17443496246556614,"(0.17196632771065637, 0.17710768797543802)",0.01515310211978437
platform,faceit,map_only,2063154,896,18736,0.6929653978445309,"(0.6924737804491017, 0.6934861121612552)",0.2499091082002217,"(0.2496634324343943, 0.25016933934145236)",0.013625888614709612
platform,faceit,baseline_wp,2063154,896,18736,0.5114127829269928,"(0.5073395021727232, 0.5156140797757213)",0.17390443323823146,"(0.17227373252355194, 0.17552083618981726)",0.010961772123599046
platform,steam,map_only,11563757,5397,110791,0.692806635190228,"(0.6925796733247147, 0.6930495656883373)",0.2498289904535439,"(0.24971563924087148, 0.249949661301457)",0.0058751712918857805
platform,steam,baseline_wp,11563757,5397,110791,0.5164244728260049,"(0.5143573363452576, 0.5183229421069594)",0.1750388583528706,"(0.17429466954700149, 0.17577042887999356)",0.008314190055561211
map_name,de_ancient,map_only,1368239,632,13127,0.6934601581220748,"(0.6932882872740477, 0.6936529388617809)",0.2501564712515989,"(0.2500705425181366, 0.250252853140616)",0.014643272128816099
map_name,de_ancient,baseline_wp,1368239,632,13127,0.5190195892549767,"(0.5138803780799668, 0.5243060384680639)",0.17649174758879407,"(0.17450394925677162, 0.1783699422648713)",0.008352897896873894
map_name,de_anubis,map_only,835377,371,7734,0.6931704468357921,"(0.6925659282456229, 0.6937888783153435)",0.2500115805625663,"(0.24970941721753642, 0.2503207349308599)",0.015143335162718229
map_name,de_anubis,baseline_wp,835377,371,7734,0.5131573159941939,"(0.5060075137707949, 0.519933954620949)",0.17378928408793212,"(0.171033340981615, 0.1764962671752647)",0.010303839792656552
map_name,de_cache,map_only,471306,218,4467,0.6932459769107286,"(0.6924875030064053, 0.6941473928690965)",0.2500493711426589,"(0.24967020755444755, 0.25049999406817014)",0.016074659338585876
map_name,de_cache,baseline_wp,471306,218,4467,0.5217375252072588,"(0.5120044253297137, 0.5309232913515778)",0.17738250218509877,"(0.17368139377926184, 0.18095377124648648)",0.010368800083057001
map_name,de_dust2,map_only,3189230,1514,31016,0.6931597869722912,"(0.6929930003937514, 0.6932972463174848)",0.25000630056167444,"(0.24992291233050218, 0.2500750267923344)",0.007577613863487461
map_name,de_dust2,baseline_wp,3189230,1514,31016,0.5121590640100829,"(0.5085134094014828, 0.5158055346944603)",0.1734343922906696,"(0.1720192728853687, 0.17482214921944583)",0.009624881862013625
map_name,de_inferno,map_only,1748830,751,15607,0.6927158630744485,"(0.6920974624696089, 0.6933077836108573)",0.24978435372205643,"(0.2494752591810242, 0.250080213875432)",0.006385143437759602
map_name,de_inferno,baseline_wp,1748830,751,15607,0.5145223497590287,"(0.5100069023111394, 0.5199490409500005)",0.1747645522662644,"(0.17301749162069566, 0.1769356259678087)",0.01832106760557488
map_name,de_mirage,map_only,3422231,1593,32548,0.6920795142033216,"(0.6914618973305936, 0.6926973550837124)",0.24946634440449833,"(0.2491577598444535, 0.24977504010150717)",0.0035580813154473586
map_name,de_mirage,baseline_wp,3422231,1593,32548,0.514295810664977,"(0.5101534984700266, 0.5182449818710579)",0.1741557604085788,"(0.17263360875584338, 0.17558405948568762)",0.010768214780939782
map_name,de_nuke,map_only,1566960,735,15213,0.6925670160067298,"(0.6918001392610499, 0.6933539330285498)",0.24970992962580252,"(0.24932665556227576, 0.25010320078643117)",0.010419080359509055
map_name,de_nuke,baseline_wp,1566960,735,15213,0.5204853304595973,"(0.5150750396366894, 0.5261662830405327)",0.17651007153024031,"(0.17437254958386594, 0.17870125052738603)",0.01241929859647124
map_name,de_overpass,map_only,615825,269,5634,0.6933342177772231,"(0.6930889897976106, 0.6935738959235518)",0.2500935144743557,"(0.2499709059448368, 0.25021334864262007)",0.01596056904787452
map_name,de_overpass,baseline_wp,615825,269,5634,0.5199562071983046,"(0.5122576809405828, 0.5274776345892171)",0.17700192993153968,"(0.1739681171072915, 0.17988841908972994)",0.011690892889570953
map_name,de_train,map_only,212767,108,2147,0.6904086889082235,"(0.6852452229653561, 0.6952463996180352)",0.24863013157770655,"(0.2460562108609043, 0.2510418783243337)",0.029162962313327143
map_name,de_train,baseline_wp,212767,108,2147,0.5159875581067047,"(0.5014506010348018, 0.531625854428647)",0.17432240851947173,"(0.16868124404908522, 0.18030314107401732)",0.026319499600908163
map_name,de_vertigo,map_only,164592,87,1731,0.6939853967628276,"(0.6929598747245918, 0.6950253730051406)",0.2504190407791532,"(0.24990635227560556, 0.2509389509270075)",0.024052896659940044
map_name,de_vertigo,baseline_wp,164592,87,1731,0.5234762217317936,"(0.508108891373906, 0.5412784582516297)",0.1780320550251255,"(0.1718460433255498, 0.18509361218014697)",0.01670901047803225
phase,early,map_only,4142785,6293,129527,0.6926089008234243,"(0.6923974961165591, 0.692841771779103)",0.24973034318606815,"(0.24962477150259202, 0.2498459614904258)",0.012698796577618968
phase,early,baseline_wp,4142785,6293,129527,0.6560452937276424,"(0.6544404965080067, 0.6576452341363931)",0.23252997139395068,"(0.23190788311986293, 0.2331698267436782)",0.023075727853925164
phase,late,map_only,1296175,6261,47302,0.6870257302786759,"(0.6865645176935712, 0.6874944962877575)",0.2469414612944196,"(0.24671113530123578, 0.24717572824170544)",0.1774435042143746
phase,late,baseline_wp,1296175,6261,47302,0.42203337651783807,"(0.41743996934807187, 0.42614684436456857)",0.1358372424925543,"(0.13405142496382694, 0.13748590678284983)",0.037323242715342604
phase,mid,map_only,6262746,6293,128779,0.6915645906568257,"(0.6913219245121791, 0.6918103186741645)",0.2492086419297146,"(0.24908728989488532, 0.2493311630637407)",0.03788178112950315
phase,mid,baseline_wp,6262746,6293,128779,0.49385725437573647,"(0.49124672080028986, 0.4960145981773633)",0.16447185547190749,"(0.16344769477165302, 0.16534443280478453)",0.008753266384459344
phase,post_plant,map_only,1925205,6281,60869,0.7013347642108636,"(0.7008408018750882, 0.7019034701106502)",0.25408921106047405,"(0.25384301531740017, 0.25437198150854995)",0.2704576951684168
phase,post_plant,baseline_wp,1925205,6281,60869,0.34757035378771384,"(0.34297358738814965, 0.35214459625547573)",0.11087779239346733,"(0.10923305264124161, 0.11247323524080145)",0.013589093486981698
alive_state,1v0,map_only,17317,1310,1633,0.698240048378248,"(0.6965596779827273, 0.6999979916136668)",0.2525425846412834,"(0.2517036411766407, 0.2534207933921749)",0.16107796352229098
alive_state,1v0,baseline_wp,17317,1310,1633,0.5449068523266589,"(0.5319687174149452, 0.5572616802125644)",0.17895482958040249,"(0.17276488777616644, 0.1848843553121325)",0.181591164573047
alive_state,1v1,map_only,419024,6158,25392,0.6952303124267627,"(0.6946348668539073, 0.6958573342681152)",0.2510391286370889,"(0.2507417672176522, 0.2513519353446496)",0.057976385858761165
alive_state,1v1,baseline_wp,419024,6158,25392,0.6294142154850224,"(0.6244582826760253, 0.6335884612600505)",0.22040180634559173,"(0.21822696043513173, 0.22218586996463174)",0.04164549448105315
alive_state,1v2,map_only,434685,6203,29130,0.7063627906420029,"(0.7055756585454761, 0.7071245219784252)",0.25660027358819254,"(0.25620743185275374, 0.2569810290782939)",0.37977069659404494
alive_state,1v2,baseline_wp,434685,6203,29130,0.3605585771205767,"(0.35343082469715453, 0.3672012654481002)",0.10848836328703199,"(0.10568213873383989, 0.11113323050535351)",0.05076988026841395
alive_state,1v3,map_only,386692,6142,26652,0.708927735514022,"(0.7080783143316706, 0.7097583904430156)",0.25788176183942085,"(0.2574584087900624, 0.258296705014332)",0.4755447483352379
alive_state,1v3,baseline_wp,386692,6142,26652,0.14511797026203788,"(0.13983048114077912, 0.1513571320739364)",0.032923279933044745,"(0.03120241939658003, 0.03507106332751493)",0.034283868591638345
alive_state,1v4,map_only,257728,5861,17975,0.7097920774645244,"(0.7088863978619974, 0.7107016939481219)",0.25831497019600236,"(0.2578631475024766, 0.2587692705999091)",0.49899710702130623
alive_state,1v4,baseline_wp,257728,5861,17975,0.05556393345085602,"(0.04975743690644941, 0.06185147628874772)",0.009504435576459275,"(0.00794487910539947, 0.011080465506123216)",0.014440176194622092
alive_state,1v5,map_only,101715,4074,6916,0.710402892433135,"(0.7093640730081926, 0.7114945462058575)",0.258620822208237,"(0.25810132134913744, 0.2591656005027212)",0.5039252978294243
alive_state,1v5,baseline_wp,101715,4074,6916,0.029379762086094236,"(0.018469063297752025, 0.043998939738335636)",0.004574198789449656,"(0.0023023256574415713, 0.0076149805771252846)",0.005890591870792283
alive_state,2v0,map_only,8314,523,694,0.68879583390012,"(0.6859583481533605, 0.6917856491260862)",0.24781920481817626,"(0.2464071246188791, 0.24931572783067651)",0.20603550735610737
alive_state,2v0,baseline_wp,8314,523,694,0.4900217956600129,"(0.4476532552055313, 0.5351410239013829)",0.16358171858518553,"(0.1449106812146967, 0.1831811747757289)",0.13887146823260543
alive_state,2v1,map_only,459887,6243,32019,0.6821972186295053,"(0.6815521055006961, 0.6827895735603364)",0.2445296832307014,"(0.24420804576823954, 0.24482582210736448)",0.30873771872195177
alive_state,2v1,baseline_wp,459887,6243,32019,0.45894134880621684,"(0.45269723976584003, 0.46536200372958864)",0.14371445455331897,"(0.1408861144987107, 0.14646851154843912)",0.08485001812554333
alive_state,2v2,map_only,480631,6265,37239,0.6942849861742653,"(0.693793617136346, 0.694774878463229)",0.2505671813875864,"(0.25032227317018046, 0.2508115238236583)",0.04183729366792078
alive_state,2v2,baseline_wp,480631,6265,37239,0.6421446783451454,"(0.6386648062053122, 0.6454510120107039)",0.22605974242874927,"(0.22442498728229596, 0.22755733896389768)",0.008790998056407477
alive_state,2v3,map_only,452668,6267,37366,0.7023971591164697,"(0.7017952492911942, 0.703006165993779)",0.25462024229980595,"(0.254320503534199, 0.25492501438361514)",0.29828380302766416
alive_state,2v3,baseline_wp,452668,6267,37366,0.48070486009259683,"(0.474976479218695, 0.4873271808750209)",0.15570994426289522,"(0.15337996540796597, 0.15849915309914175)",0.02369332981946218
alive_state,2v4,map_only,349261,6196,29311,0.7064623325653296,"(0.7056621523342566, 0.7073537401479459)",0.2566497210223212,"(0.25625135836512275, 0.2570925320222852)",0.4276578953332954
alive_state,2v4,baseline_wp,349261,6196,29311,0.26501651198886594,"(0.25742203114903406, 0.2737990456654841)",0.07189634811537625,"(0.06911981503784138, 0.07487167238558076)",0.01470737200887708
alive_state,2v5,map_only,163872,5493,13744,0.7088839618728657,"(0.7078803264869106, 0.7098115316632727)",0.2578611479702346,"(0.25735940995297446, 0.2583244147043783)",0.4765038071304607
alive_state,2v5,baseline_wp,163872,5493,13744,0.13387518690197694,"(0.12096465294024875, 0.15136047792222382)",0.030316175146728915,"(0.02679296103501244, 0.03506434348768404)",0.005590439679046089
alive_state,3v0,map_only,4043,257,319,0.6839430574487172,"(0.6798034354620742, 0.6882798945425622)",0.24539996375380174,"(0.24333204617972015, 0.24756315769228016)",0.287593875584362
alive_state,3v0,baseline_wp,4043,257,319,0.5430926599761531,"(0.4083173317055369, 0.6894790981865738)",0.16871882398056343,"(0.12584379339587967, 0.21494253047750866)",0.14493035799850193
alive_state,3v1,map_only,419646,6224,31525,0.6776730625815759,"(0.676944400111816, 0.678319788533924)",0.24226978464426127,"(0.2419055770920472, 0.24259359969265726)",0.4369603191335191
alive_state,3v1,baseline_wp,419646,6224,31525,0.2121569229973346,"(0.20538935517642895, 0.21864850146873038)",0.051458493205493,"(0.049136334638863466, 0.05376186407527558)",0.045798696930613836
alive_state,3v2,map_only,481700,6269,40972,0.6848308805242264,"(0.6842542969575859, 0.6853594460169907)",0.24584511622905197,"(0.24555688181738844, 0.24610893641377468)",0.24218905679445782
alive_state,3v2,baseline_wp,481700,6269,40972,0.5330044192252252,"(0.5262913252980257, 0.5399135500323622)",0.17607494488488254,"(0.17323575580272937, 0.1790386883152729)",0.009790948362909266
alive_state,3v3,map_only,543838,6280,48038,0.6936206092473672,"(0.693206197343366, 0.6940112472354751)",0.25023584922247866,"(0.25002875816419246, 0.2504310103084619)",0.028599461820404855
alive_state,3v3,baseline_wp,543838,6280,48038,0.6599463586572297,"(0.6574494439514247, 0.6625706711875169)",0.23413685569633955,"(0.2329678135192878, 0.23534793242367225)",0.028385754896835726
alive_state,3v4,map_only,525757,6281,46384,0.7005409578139373,"(0.7000068558475608, 0.7011017989688095)",0.253692968983477,"(0.2534267082321751, 0.2539727019273626)",0.24199823027205025
alive_state,3v4,baseline_wp,525757,6281,46384,0.5569961585590646,"(0.5507727092610362, 0.562383678730208)",0.18703062979737156,"(0.18428302487184162, 0.1893236939340758)",0.006053930944805213
alive_state,3v5,map_only,341296,6176,28589,0.7056357881816202,"(0.7049237961604002, 0.706339710408405)",0.2562377138700682,"(0.25588256120158737, 0.25658882975866387)",0.37466529431095136
alive_state,3v5,baseline_wp,341296,6176,28589,0.3850501493890901,"(0.37508012107348265, 0.3946707139000357)",0.11384362552597911,"(0.11034360421840139, 0.11733161858645708)",0.02503480227737119
alive_state,4v0,map_only,1315,89,94,0.6806911192334739,"(0.674694929310438, 0.6874479425172434)",0.24377555373244666,"(0.24077857434474287, 0.24715271628709867)",0.3870226542346505
alive_state,4v0,baseline_wp,1315,89,94,0.38480776837767927,"(0.14981644578740258, 0.681734979391035)",0.09774472662319961,"(0.038679920754633564, 0.17648196107179712)",0.0902591544412388
alive_state,4v1,map_only,289086,6058,22980,0.6760193955332578,"(0.6751871595155402, 0.6768130296440416)",0.24144331469739622,"(0.24102760135742848, 0.24183941407308218)",0.47312085449184693
alive_state,4v1,baseline_wp,289086,6058,22980,0.09127063042828612,"(0.08468189789352858, 0.09838375108559073)",0.017510907979728017,"(0.015622937444606565, 0.01962561510913836)",0.017752822920886542
alive_state,4v2,map_only,388032,6255,35231,0.6795359175765419,"(0.6788735782161597, 0.6802070336528647)",0.24319901881167905,"(0.2428682558795491, 0.24353364007481065)",0.39072445845946424
alive_state,4v2,baseline_wp,388032,6255,35231,0.31493235435783673,"(0.30549514948143014, 0.3242732156654318)",0.0881109801060559,"(0.08480706794582285, 0.09135942566765386)",0.005928969795798909
alive_state,4v3,map_only,556977,6283,51134,0.6857209056404648,"(0.6852281543936649, 0.686188743009782)",0.2462897713606958,"(0.24604388866880514, 0.2465234871289416)",0.2152929759624124
alive_state,4v3,baseline_wp,556977,6283,51134,0.5733612808890007,"(0.5667367001883469, 0.5797087926480582)",0.1933728657462005,"(0.1905587244572323, 0.19598958381316925)",0.03900131232084342
alive_state,4v4,map_only,753364,6287,65489,0.6927602755562219,"(0.6924060052866784, 0.6930787707094445)",0.24980604373852222,"(0.24962906312945035, 0.24996511451374012)",0.009175965289231204
alive_state,4v4,baseline_wp,753364,6287,65489,0.6722817294915572,"(0.6702064415728003, 0.6743730794020723)",0.23986596418814576,"(0.23887648828568198, 0.24086587489083583)",0.01235247616855953
alive_state,4v5,map_only,843015,6280,60563,0.6994133986585527,"(0.6989970161917016, 0.6998428022440604)",0.25312955723185115,"(0.2529220938155988, 0.25334418419368804)",0.18723392969502628
alive_state,4v5,baseline_wp,843015,6280,60563,0.6239689552581892,"(0.6178859177560294, 0.6291331048936597)",0.21616866229059617,"(0.2134661909124648, 0.21846813586801156)",0.054494040030255715
alive_state,5v1,map_only,115293,4744,9342,0.6746609298137604,"(0.6735721031326966, 0.6757617683946947)",0.24076444020520155,"(0.24022117937709295, 0.24131533132039376)",0.4826286329159523
alive_state,5v1,baseline_wp,115293,4744,9342,0.04480816492978376,"(0.03514749488739082, 0.0565497401103438)",0.007604742695713971,"(0.005442339024235573, 0.010212111349181624)",0.0052201451269505
alive_state,5v2,map_only,193203,5852,17837,0.6766087735163204,"(0.6756501865092168, 0.677411077845703)",0.24173782298827903,"(0.24125880938971583, 0.24213845953684532)",0.4502452714206772
alive_state,5v2,baseline_wp,193203,5852,17837,0.16677481027691246,"(0.15459493787936382, 0.17948541206971816)",0.03858365994442091,"(0.03515427918160309, 0.04207276581491652)",0.005432539164943173
alive_state,5v3,map_only,385178,6259,34859,0.6806979641700455,"(0.6800001856626556, 0.6813958397812833)",0.24378037591256704,"(0.24343190173820667, 0.244129457477875)",0.35372974085197706
alive_state,5v3,baseline_wp,385178,6259,34859,0.4011901698670665,"(0.3904798976746607, 0.413063300235322)",0.11827284434923106,"(0.11454999343827024, 0.12256786388380898)",0.04142433650836638
alive_state,5v4,map_only,886003,6288,67564,0.6859645052632606,"(0.6855475002938534, 0.6864260676437157)",0.24641118269843193,"(0.24620288653661734, 0.24664164276413716)",0.19918908945364855
alive_state,5v4,baseline_wp,886003,6288,67564,0.6008063449256107,"(0.5945862976316453, 0.6069907449025151)",0.20516615415742845,"(0.2024436197373688, 0.20788090285902383)",0.055667258366397285
alive_state,5v5,map_only,3365493,6259,121689,0.6925418706180925,"(0.692303479215805, 0.6928046772871248)",0.24969686229914506,"(0.24957792980798096, 0.24982829410618534)",0.015589821450332764
alive_state,5v5,baseline_wp,3365493,6259,121689,0.6864377883282596,"(0.685904855147639, 0.6869652861008552)",0.2467110886852376,"(0.246450135767717, 0.24696985330748605)",0.01255829823029693
channel_set,v30,map_only,12434933,5738,118261,0.692813274140581,"(0.6925937366918457, 0.6930543873256507)",0.24983238112484218,"(0.24972264891523574, 0.24995277053377127)",0.0068445492969307666
channel_set,v30,baseline_wp,12434933,5738,118261,0.5149478623413448,"(0.5130850211599249, 0.5169209400921553)",0.1746238838440177,"(0.17389007219366795, 0.17541540399216737)",0.00878931391524577
channel_set,v42,map_only,1191978,555,11266,0.6930121732978483,"(0.6922649149202603, 0.6936847002906392)",0.24993229141976195,"(0.24955893106243432, 0.25026831807099564)",0.017715648605816082
channel_set,v42,baseline_wp,1191978,555,11266,0.5231541812450694,"(0.5163388573705567, 0.5294068380437136)",0.17740441082223327,"(0.17484775504287334, 0.17976093985083869)",0.011349460448666302
