platform,tier,matches,rounds,snapshots,fe_5v5_share,plant_round_share,site_a_share,no_side_share,round_length_s,fe_ct_equip_value,fe_t_equip_value,fe_ct_money_sum,fe_t_money_sum,fe_ct_primaries,fe_t_primaries,fe_ct_kits,fe_ct_armor_sum,fe_t_armor_sum,fe_ct_flashes,fe_t_flashes,fe_ct_smokes,fe_t_smokes,all_man_advantage,all_ct_alive,all_t_alive,all_ct_hp_sum,all_t_hp_sum
faceit,low,111,2301,253869,1.0,0.476,0.5,0.0,64.828,19568.75,16930.435,9254.762,7893.478,3.818,3.6,2.059,409.765,407.059,2.429,2.545,2.652,2.588,0.076,3.597,3.511,326.2,306.263
faceit,mid,484,10146,1119943,1.0,0.5,0.533,0.0,63.934,19856.131,17665.563,8654.018,7901.989,3.765,3.7,2.087,415.679,413.576,2.684,2.872,2.821,2.915,0.037,3.592,3.555,325.802,310.099
faceit,high,495,10281,1143377,1.0,0.5,0.5,0.0,64.938,20080.0,17960.417,7925.0,7223.684,3.739,3.632,2.0,422.3,421.273,2.826,3.0,3.083,3.13,0.054,3.63,3.586,329.533,314.876
faceit,semipro,238,4987,542328,1.0,0.472,0.5,0.0,63.402,20518.75,17887.599,7921.266,6323.191,3.73,3.562,1.915,432.667,426.321,2.956,2.875,3.217,3.136,0.066,3.675,3.591,335.998,317.814
faceit,null,71,1489,164265,1.0,0.522,0.5,0.0,62.0,19600.0,17847.727,8841.667,7700.0,3.75,3.727,2.133,411.435,419.929,2.714,3.0,2.778,3.043,0.051,3.654,3.563,328.68,312.957
steam,low,3756,77091,8023612,1.0,0.455,0.5,0.0,61.824,18723.869,16754.904,10783.355,9658.333,3.727,3.667,2.0,400.162,397.599,2.0,2.18,2.0,2.222,0.054,3.525,3.478,317.398,304.139
steam,mid,1429,29613,3125896,1.0,0.458,0.533,0.0,61.445,19047.917,17047.222,9890.0,9310.87,3.682,3.571,1.941,406.25,403.591,2.292,2.474,2.417,2.5,0.072,3.556,3.492,319.704,305.731
steam,high,830,17460,1889267,1.0,0.491,0.545,0.0,62.574,19482.143,17594.336,9096.726,8532.249,3.682,3.625,2.0,411.106,414.0,2.591,2.824,2.783,2.902,0.045,3.58,3.538,323.079,309.775
steam,semipro,363,7737,825871,1.0,0.471,0.5,0.0,61.75,19664.706,17860.417,8757.895,8027.5,3.625,3.6,1.95,415.321,417.125,2.7,2.947,2.842,3.0,0.056,3.617,3.559,326.665,311.914
steam,null,2259,45319,4638429,1.0,0.455,0.5,0.0,60.953,18545.652,16712.5,10790.0,9693.75,3.667,3.625,1.909,403.714,400.458,2.062,2.273,2.042,2.174,0.034,3.522,3.492,317.378,305.766
