platform,map_name,month,channel_set,matches,canonical,clean,full_channels
faceit,aim_all_pistols,2026-08,v42,1,1,0,1
faceit,aim_allpistol,2026-08,v42,1,1,0,1
faceit,aim_cargo,2026-09,v42,1,1,0,1
faceit,aim_pistol_remake,2026-08,v42,1,1,0,1
faceit,aim_pistol_remake,2026-09,v42,1,1,0,1
faceit,awp_creek,2026-09,v42,1,1,0,1
faceit,de_ancient,2026-05,v30,12,12,10,12
faceit,de_ancient,2026-06,v30,150,150,131,150
faceit,de_ancient,2026-07,v30,10,10,9,10
faceit,de_ancient,2026-07,v42,11,11,10,11
faceit,de_ancient,2026-08,v42,32,32,29,32
faceit,de_ancient,2026-09,v42,17,17,10,17
faceit,de_anubis,2026-05,v30,11,11,9,11
faceit,de_anubis,2026-06,v30,159,159,131,159
faceit,de_anubis,2026-07,v30,9,9,9,9
faceit,de_anubis,2026-07,v42,3,3,2,3
faceit,de_anubis,2026-08,v42,15,15,12,15
faceit,de_anubis,2026-09,v42,12,12,11,12
faceit,de_cache,2026-05,v30,5,5,5,5
faceit,de_cache,2026-06,v30,50,50,46,50
faceit,de_cache,2026-07,v30,5,5,0,5
faceit,de_cache,2026-07,v42,7,7,5,7
faceit,de_cache,2026-08,v42,18,18,16,18
faceit,de_cache,2026-09,v42,8,8,7,8
faceit,de_dust2,2026-04,v30,1,1,0,1
faceit,de_dust2,2026-05,v30,13,13,11,13
faceit,de_dust2,2026-06,v30,224,224,207,224
faceit,de_dust2,2026-07,v30,17,17,16,17
faceit,de_dust2,2026-07,v42,17,17,10,17
faceit,de_dust2,2026-08,v42,32,32,31,32
faceit,de_dust2,2026-09,v42,30,30,26,30
faceit,de_inferno,2026-04,v30,1,1,1,1
faceit,de_inferno,2026-05,v30,6,6,4,6
faceit,de_inferno,2026-06,v30,127,127,118,127
faceit,de_inferno,2026-07,v30,12,12,9,12
faceit,de_inferno,2026-07,v42,5,5,4,5
faceit,de_inferno,2026-08,v42,19,19,19,19
faceit,de_inferno,2026-09,v42,10,10,8,10
faceit,de_mirage,2026-04,v30,2,2,2,2
faceit,de_mirage,2026-05,v30,11,11,9,11
faceit,de_mirage,2026-06,v30,265,265,220,265
faceit,de_mirage,2026-07,v30,17,17,15,17
faceit,de_mirage,2026-07,v42,9,9,7,9
faceit,de_mirage,2026-08,v42,33,33,29,33
faceit,de_mirage,2026-09,v42,30,30,25,30
faceit,de_nuke,2026-04,v30,1,1,1,1
faceit,de_nuke,2026-05,v30,8,8,7,8
faceit,de_nuke,2026-06,v30,117,117,101,117
faceit,de_nuke,2026-07,v30,6,6,4,6
faceit,de_nuke,2026-08,v42,15,15,11,15
faceit,de_nuke,2026-09,v42,10,10,8,10
faceit,de_overpass,2026-05,v30,5,5,5,5
faceit,de_overpass,2026-06,v30,40,40,37,40
faceit,de_vertigo,2026-08,v42,5,5,3,5
faceit,de_vertigo,2026-09,v42,2,2,0,2
faceit,faceitaimdeagle,2026-09,v42,3,3,0,3
faceit,fistmap,2026-08,v42,1,1,0,1
faceit,fistmap,2026-09,v42,1,1,0,1
faceit,usp_containment,2026-09,v42,1,1,0,1
steam,cs_agency,2025-08,v30,2,2,1,0
steam,cs_agency,2025-09,v30,1,1,1,1
steam,cs_agency,2025-10,v30,1,1,1,1
steam,cs_agency,2025-11,v30,1,1,1,0
steam,cs_agency,2025-12,v30,1,1,1,1
steam,cs_alpine,2026-01,v30,5,5,5,1
steam,cs_alpine,2026-02,v30,1,1,1,0
steam,cs_alpine,2026-03,v30,1,1,1,0
steam,cs_alpine,2026-05,v30,6,4,3,1
steam,cs_alpine,2026-06,v30,2,2,2,0
steam,cs_italy,2025-09,v30,1,1,1,0
steam,cs_italy,2025-12,v30,1,1,1,1
steam,cs_italy,2026-01,v30,4,4,3,0
steam,cs_italy,2026-02,v30,2,2,2,1
steam,cs_italy,2026-03,v30,1,1,1,1
steam,cs_italy,2026-05,v30,2,2,2,0
steam,cs_italy,2026-06,v30,3,3,2,1
steam,cs_italy,2026-07,v30,3,3,3,2
steam,cs_italy,2026-08,v42,3,3,3,1
steam,cs_italy,2026-09,v42,3,3,3,2
steam,cs_office,2025-08,v30,2,2,2,1
steam,cs_office,2025-09,v30,6,6,6,2
steam,cs_office,2025-10,v30,14,14,14,4
steam,cs_office,2025-11,v30,35,35,32,9
steam,cs_office,2025-12,v30,16,16,13,5
steam,cs_office,2026-01,v30,28,28,28,9
steam,cs_office,2026-02,v30,7,7,7,1
steam,cs_office,2026-03,v30,48,46,42,23
steam,cs_office,2026-04,v30,10,10,9,2
steam,cs_office,2026-05,v30,10,9,7,5
steam,cs_office,2026-06,v30,2,2,2,0
steam,cs_office,2026-07,v30,15,15,15,5
steam,cs_office,2026-07,v42,3,3,2,2
steam,cs_office,2026-08,v42,33,33,30,12
steam,cs_office,2026-09,v42,52,52,49,15
steam,cs_shelter,2026-07,v30,21,17,16,7
steam,cs_shelter,2026-08,v30,1,1,1,0
steam,cs_shelter,2026-08,v42,7,7,5,1
steam,cs_shelter,2026-09,v42,1,1,1,0
steam,de_ancient,2025-08,v30,48,47,42,10
steam,de_ancient,2025-09,v30,124,123,118,43
steam,de_ancient,2025-10,v30,82,82,74,29
steam,de_ancient,2025-11,v30,141,141,136,48
steam,de_ancient,2025-12,v30,183,176,172,68
steam,de_ancient,2026-01,v30,206,200,187,73
steam,de_ancient,2026-02,v30,239,234,222,97
steam,de_ancient,2026-03,v30,247,242,227,79
steam,de_ancient,2026-04,v30,214,198,193,75
steam,de_ancient,2026-05,v30,126,124,119,32
steam,de_ancient,2026-06,v30,133,129,120,48
steam,de_ancient,2026-07,v30,207,207,193,80
steam,de_ancient,2026-07,v42,12,12,11,2
steam,de_ancient,2026-08,v30,14,14,13,5
steam,de_ancient,2026-08,v42,201,194,176,81
steam,de_ancient,2026-09,v42,169,166,154,53
steam,de_anubis,2025-08,v30,17,17,17,7
steam,de_anubis,2025-09,v30,9,9,9,4
steam,de_anubis,2025-10,v30,7,7,7,1
steam,de_anubis,2025-11,v30,13,13,13,2
steam,de_anubis,2025-12,v30,33,33,29,13
steam,de_anubis,2026-01,v30,80,79,74,29
steam,de_anubis,2026-02,v30,177,173,167,68
steam,de_anubis,2026-03,v30,137,137,133,40
steam,de_anubis,2026-04,v30,161,155,145,49
steam,de_anubis,2026-05,v30,110,108,102,37
steam,de_anubis,2026-06,v30,92,92,83,33
steam,de_anubis,2026-07,v30,181,181,167,51
steam,de_anubis,2026-07,v42,13,13,12,4
steam,de_anubis,2026-08,v30,19,16,16,8
steam,de_anubis,2026-08,v42,152,147,136,42
steam,de_anubis,2026-09,v42,200,194,183,77
steam,de_boulder,2026-07,v30,7,7,6,1
steam,de_boulder,2026-08,v42,4,4,4,1
steam,de_boulder,2026-09,v42,2,2,2,0
steam,de_brewery,2025-08,v30,3,3,0,2
steam,de_brewery,2025-09,v30,15,15,0,4
steam,de_cache,2026-04,v30,32,30,28,12
steam,de_cache,2026-05,v30,157,149,140,50
steam,de_cache,2026-06,v30,61,57,48,20
steam,de_cache,2026-07,v30,307,295,284,124
steam,de_cache,2026-07,v42,14,14,14,3
steam,de_cache,2026-08,v30,9,9,9,2
steam,de_cache,2026-08,v42,195,195,184,78
steam,de_cache,2026-09,v42,153,153,144,52
steam,de_debris,2026-07,v30,4,4,0,1
steam,de_debris,2026-08,v42,7,7,0,2
steam,de_debris,2026-09,v42,10,9,0,5
steam,de_dogtown,2025-09,v30,3,3,0,1
steam,de_dust2,2025-08,v30,110,110,104,37
steam,de_dust2,2025-09,v30,388,388,367,127
steam,de_dust2,2025-10,v30,188,186,176,70
steam,de_dust2,2025-11,v30,438,438,406,148
steam,de_dust2,2025-12,v30,574,559,519,223
steam,de_dust2,2026-01,v30,654,624,585,220
steam,de_dust2,2026-02,v30,652,632,583,204
steam,de_dust2,2026-03,v30,602,582,540,181
steam,de_dust2,2026-04,v30,498,485,452,171
steam,de_dust2,2026-05,v30,339,338,314,101
steam,de_dust2,2026-06,v30,322,321,300,102
steam,de_dust2,2026-07,v30,610,593,552,228
steam,de_dust2,2026-07,v42,31,31,29,10
steam,de_dust2,2026-08,v30,45,40,39,20
steam,de_dust2,2026-08,v42,576,573,525,218
steam,de_dust2,2026-09,v42,489,483,452,166
steam,de_eldorado,2026-07,v30,8,4,0,1
steam,de_eldorado,2026-08,v42,2,2,0,1
steam,de_eldorado,2026-09,v42,3,3,0,1
steam,de_fachwerk,2026-07,v30,7,7,6,2
steam,de_fachwerk,2026-07,v42,1,1,1,0
steam,de_fachwerk,2026-08,v42,4,4,4,1
steam,de_fachwerk,2026-09,v42,3,3,3,1
steam,de_golden,2025-10,v30,2,2,2,0
steam,de_golden,2025-11,v30,2,2,2,1
steam,de_golden,2025-12,v30,2,2,2,2
steam,de_grail,2025-08,v30,1,1,1,1
steam,de_grail,2025-09,v30,11,11,10,3
steam,de_inferno,2025-08,v30,92,92,54,30
steam,de_inferno,2025-09,v30,274,272,159,105
steam,de_inferno,2025-10,v30,159,150,85,56
steam,de_inferno,2025-11,v30,523,497,196,215
steam,de_inferno,2025-12,v30,413,404,218,148
steam,de_inferno,2026-01,v30,464,451,250,180
steam,de_inferno,2026-02,v30,546,535,292,190
steam,de_inferno,2026-03,v30,528,518,293,201
steam,de_inferno,2026-04,v30,320,308,232,102
steam,de_inferno,2026-05,v30,209,208,154,71
steam,de_inferno,2026-06,v30,287,274,143,100
steam,de_inferno,2026-07,v30,346,340,195,129
steam,de_inferno,2026-07,v42,26,26,13,8
steam,de_inferno,2026-08,v30,28,23,14,6
steam,de_inferno,2026-08,v42,514,500,225,191
steam,de_inferno,2026-09,v42,561,539,179,188
steam,de_jura,2025-09,v30,1,1,1,0
steam,de_mirage,2025-08,v30,69,69,66,54
steam,de_mirage,2025-09,v30,354,351,334,269
steam,de_mirage,2025-10,v30,208,204,194,137
steam,de_mirage,2025-11,v30,477,474,447,332
steam,de_mirage,2025-12,v30,472,454,432,323
steam,de_mirage,2026-01,v30,629,616,582,455
steam,de_mirage,2026-02,v30,762,749,706,529
steam,de_mirage,2026-03,v30,725,710,669,509
steam,de_mirage,2026-04,v30,637,611,576,450
steam,de_mirage,2026-05,v30,361,358,339,259
steam,de_mirage,2026-06,v30,346,346,316,238
steam,de_mirage,2026-07,v30,601,597,551,424
steam,de_mirage,2026-07,v42,33,33,30,32
steam,de_mirage,2026-08,v30,60,57,56,48
steam,de_mirage,2026-08,v42,591,587,541,560
steam,de_mirage,2026-09,v42,456,450,419,425
steam,de_nuke,2025-08,v30,55,55,40,12
steam,de_nuke,2025-09,v30,209,208,152,78
steam,de_nuke,2025-10,v30,95,94,76,30
steam,de_nuke,2025-11,v30,274,258,184,89
steam,de_nuke,2025-12,v30,305,289,206,98
steam,de_nuke,2026-01,v30,329,320,254,122
steam,de_nuke,2026-02,v30,372,364,284,119
steam,de_nuke,2026-03,v30,435,428,265,166
steam,de_nuke,2026-04,v30,312,301,233,118
steam,de_nuke,2026-05,v30,218,214,185,80
steam,de_nuke,2026-06,v30,197,194,158,64
steam,de_nuke,2026-07,v30,368,360,278,129
steam,de_nuke,2026-07,v42,27,27,9,8
steam,de_nuke,2026-08,v30,20,18,14,9
steam,de_nuke,2026-08,v42,366,356,254,140
steam,de_nuke,2026-09,v42,311,306,224,117
steam,de_overpass,2025-08,v30,30,30,27,6
steam,de_overpass,2025-09,v30,119,119,99,40
steam,de_overpass,2025-10,v30,45,43,35,16
steam,de_overpass,2025-11,v30,145,144,109,48
steam,de_overpass,2025-12,v30,115,110,90,46
steam,de_overpass,2026-01,v30,154,145,120,52
steam,de_overpass,2026-02,v30,164,161,119,54
steam,de_overpass,2026-03,v30,162,158,115,62
steam,de_overpass,2026-04,v30,137,124,109,52
steam,de_overpass,2026-05,v30,81,78,69,30
steam,de_overpass,2026-06,v30,62,62,46,21
steam,de_overpass,2026-07,v30,34,33,19,9
steam,de_overpass,2026-07,v42,1,1,1,0
steam,de_overpass,2026-08,v30,2,1,0,1
steam,de_overpass,2026-08,v42,34,32,13,8
steam,de_overpass,2026-09,v42,35,33,12,16
steam,de_palacio,2025-10,v30,5,5,4,1
steam,de_palacio,2025-11,v30,2,2,2,1
steam,de_palacio,2025-12,v30,1,1,1,0
steam,de_poseidon,2026-01,v30,15,15,0,7
steam,de_poseidon,2026-02,v30,55,54,0,15
steam,de_poseidon,2026-03,v30,121,121,0,57
steam,de_poseidon,2026-04,v30,3,3,0,0
steam,de_poseidon,2026-05,v30,3,3,0,2
steam,de_poseidon,2026-06,v30,3,3,0,1
steam,de_poseidon,2026-07,v30,10,10,0,2
steam,de_poseidon,2026-08,v30,1,1,0,0
steam,de_poseidon,2026-08,v42,19,19,0,4
steam,de_poseidon,2026-09,v42,7,7,0,2
steam,de_rooftop,2025-10,v30,10,10,0,4
steam,de_rooftop,2025-11,v30,14,13,0,5
steam,de_rooftop,2025-12,v30,38,37,0,16
steam,de_rooftop,2026-01,v30,26,15,0,10
steam,de_sanctum,2026-01,v30,5,5,0,0
steam,de_sanctum,2026-02,v30,13,11,0,4
steam,de_sanctum,2026-03,v30,10,10,0,3
steam,de_sanctum,2026-04,v30,2,2,0,0
steam,de_sanctum,2026-05,v30,1,1,0,1
steam,de_sanctum,2026-06,v30,1,1,0,0
steam,de_sanctum,2026-07,v30,1,1,0,0
steam,de_stronghold,2026-01,v30,4,4,2,1
steam,de_stronghold,2026-02,v30,4,4,2,2
steam,de_stronghold,2026-04,v30,1,1,1,0
steam,de_train,2025-08,v30,18,18,16,6
steam,de_train,2025-09,v30,83,82,78,25
steam,de_train,2025-10,v30,33,32,31,13
steam,de_train,2025-11,v30,81,81,76,27
steam,de_train,2025-12,v30,70,67,61,32
steam,de_train,2026-01,v30,68,65,60,18
steam,de_train,2026-02,v30,19,19,17,7
steam,de_train,2026-03,v30,20,20,17,6
steam,de_train,2026-04,v30,20,20,20,5
steam,de_train,2026-05,v30,7,6,5,1
steam,de_train,2026-06,v30,12,12,10,6
steam,de_train,2026-07,v30,9,9,8,2
steam,de_train,2026-07,v42,2,2,1,0
steam,de_train,2026-08,v42,48,48,44,14
steam,de_train,2026-09,v42,8,8,8,2
steam,de_transit,2025-10,v30,1,1,0,1
steam,de_vertigo,2025-08,v30,19,19,2,9
steam,de_vertigo,2025-09,v30,63,63,13,23
steam,de_vertigo,2025-10,v30,23,23,18,12
steam,de_vertigo,2025-11,v30,59,55,23,18
steam,de_vertigo,2025-12,v30,70,69,28,33
steam,de_vertigo,2026-01,v30,37,36,9,11
steam,de_vertigo,2026-02,v30,66,66,25,21
steam,de_vertigo,2026-03,v30,108,107,26,30
steam,de_vertigo,2026-04,v30,91,88,43,31
steam,de_vertigo,2026-05,v30,38,36,14,12
steam,de_vertigo,2026-06,v30,45,45,24,18
steam,de_vertigo,2026-07,v30,82,81,28,33
steam,de_vertigo,2026-07,v42,6,6,4,3
steam,de_vertigo,2026-08,v30,13,13,9,6
steam,de_vertigo,2026-08,v42,86,83,41,36
steam,de_vertigo,2026-09,v42,98,94,48,38
steam,de_warden,2026-01,v30,6,6,5,2
steam,de_warden,2026-02,v30,4,4,3,1
steam,de_warden,2026-03,v30,4,4,4,2
steam,de_warden,2026-04,v30,2,2,2,2
steam,de_warden,2026-05,v30,3,3,2,2
steam,de_warden,2026-06,v30,2,2,2,2
unknown,de_ancient,2025-09,v30,2,2,0,2
unknown,de_ancient,2025-10,v30,1,1,0,1
unknown,de_ancient,2025-11,v30,1,1,0,0
unknown,de_ancient,2026-05,v30,1,1,0,1
unknown,de_ancient,2026-06,v30,2,2,0,1
unknown,de_ancient,2026-07,v30,1,1,0,1
unknown,de_ancient,2026-09,v42,9,9,0,7
unknown,de_anubis,2026-06,v30,2,2,0,0
unknown,de_anubis,2026-07,v30,3,3,0,2
unknown,de_anubis,2026-09,v42,4,4,0,1
unknown,de_cache,2026-06,v30,1,1,0,1
unknown,de_cache,2026-08,v30,1,1,0,1
unknown,de_cache,2026-08,v42,1,1,0,0
unknown,de_cache,2026-09,v42,4,4,0,1
unknown,de_dust2,2025-09,v30,4,4,0,2
unknown,de_dust2,2025-11,v30,2,2,0,1
unknown,de_dust2,2025-12,v30,1,1,0,0
unknown,de_dust2,2026-04,v30,1,1,0,1
unknown,de_dust2,2026-05,v30,2,2,0,1
unknown,de_dust2,2026-07,v30,1,1,0,1
unknown,de_dust2,2026-09,v42,19,19,0,3
unknown,de_inferno,2025-09,v30,1,1,0,1
unknown,de_inferno,2026-04,v30,1,1,0,0
unknown,de_inferno,2026-05,v30,3,3,0,2
unknown,de_inferno,2026-06,v30,3,3,0,1
unknown,de_inferno,2026-07,v30,1,1,0,1
unknown,de_inferno,2026-09,v42,5,5,0,3
unknown,de_mirage,2025-09,v30,2,2,0,2
unknown,de_mirage,2026-04,v30,3,3,0,3
unknown,de_mirage,2026-05,v30,6,6,0,5
unknown,de_mirage,2026-06,v30,4,4,0,4
unknown,de_mirage,2026-07,v30,4,4,0,4
unknown,de_mirage,2026-08,v30,1,0,0,1
unknown,de_mirage,2026-08,v42,1,1,0,1
unknown,de_mirage,2026-09,v42,12,12,0,11
unknown,de_nuke,2025-09,v30,3,3,0,0
unknown,de_nuke,2025-10,v30,1,1,0,0
unknown,de_nuke,2025-11,v30,1,1,0,0
unknown,de_nuke,2026-05,v30,4,3,0,2
unknown,de_nuke,2026-06,v30,2,2,0,0
unknown,de_nuke,2026-07,v30,3,3,0,2
unknown,de_nuke,2026-09,v42,3,3,0,1
unknown,de_overpass,2026-05,v30,1,1,0,1
unknown,de_overpass,2026-06,v30,1,1,0,1
unknown,de_overpass,2026-07,v30,2,2,0,1
