revision_date,n_matches,n_complete,n_telemetry,n_index_broken,n_v30,n_v42,n_other_set,ppp_versions,gb,revision_ids,n_seeded_sample,n_seeded_complete
2025-09-01,30,18,18,0,30,0,0,6.11.0,0.762,13cf1a9ddc1d93193116d24ad4dd83c0,17,17
2025-09-02,108,39,39,0,108,0,0,6.11.0,1.544,9cb5261357a1b64a0e205d9818a12ab5,35,35
2025-09-03,27,11,11,0,27,0,0,6.11.0,0.481,b52ec1490e8d418211a8c93ba3106213,10,10
2025-09-04,38,23,23,0,38,0,0,6.11.0,0.96,6b2255fbe66bd9b72b32b12e17b9f9b6,20,20
2025-09-05,88,29,29,0,88,0,0,6.11.0,1.305,e1f6aebd89eb4c081b3e1fdfa137f488,26,26
2025-09-06,66,25,25,0,66,0,0,6.11.0,0.899,3d28159fc18222aa2ac0c26aa5cc4a0a,21,21
2025-09-07,79,31,31,0,79,0,0,6.11.0,1.252,c7b26a15abed162592dcacffb7d3cce8,28,28
2025-09-08,55,22,22,0,55,0,0,6.11.0,0.721,bc826a3baabb82521606b7f5d9aa9c7a,16,16
2025-09-09,3,1,1,0,3,0,0,6.11.0,0.046,71e429a764fdc662978a18c5b736b22b,1,1
2025-09-10,7,3,3,0,7,0,0,6.11.0,0.141,fc8099200a4857acfabc386011ad7a71,1,1
2025-09-11,92,37,37,0,92,0,0,6.11.0,1.403,79427d31529a0736fe3cf115a1e0e964,28,28
2025-09-12,176,71,71,0,176,0,0,6.11.0,2.292,b3b6be4a39d819fb2814071ea4d2af69,67,67
2025-09-13,89,33,33,0,89,0,0,6.11.0,0.991,6c8e7c3619ec462fe3cf37fa30ded295,29,29
2025-09-14,65,24,24,0,65,0,0,6.11.0,0.767,4dfb8e9f389ad74f76f877e61da33e8d,22,22
2025-09-15,46,20,20,0,46,0,0,6.11.0,0.853,14904e3f459314c4131074ad038b7209,17,17
2025-09-16,29,8,8,0,29,0,0,6.11.0,0.174,4331745a6d459b1af61e72ee02b46037,6,6
2025-09-17,87,34,34,0,87,0,0,6.11.0,1.304,2f98badb1a4075a351528ce590c4254c,31,31
2025-09-18,26,11,11,0,26,0,0,6.11.0,0.428,05c403342252f1298c979bfad6a1a9db,11,11
2025-09-19,39,14,14,0,39,0,0,6.11.0,0.528,405250b92e8604d9a647a78abfcddf09,10,10
2025-09-20,122,59,59,0,122,0,0,6.11.0,2.209,b96134c24eec8fc510a6cf48b2c05e2c,49,49
2025-09-21,83,35,35,0,83,0,0,6.11.0,1.428,7de865b79e211e3be9fd64659fdeef89,28,28
2025-09-22,36,14,14,0,36,0,0,6.11.0,0.607,2acc270b87e14bcbeecc35ddfb937aeb,9,9
2025-09-23,67,28,28,0,67,0,0,6.11.0,1.186,b762bb00b6fa4f3adcde412800faed33,17,17
2025-09-24,117,50,50,0,117,0,0,6.11.0,2.081,33379ec316f9f6a59bfad97cc579f5f5,44,44
2025-09-25,23,11,11,0,23,0,0,6.11.0,0.443,e863144f5103e645c154b2cb0a4b6150,9,9
2025-09-26,19,5,5,0,19,0,0,6.11.0,0.137,f12d325934177f388674d7cfc92fdff0,5,5
2025-09-27,74,32,32,0,74,0,0,6.11.0,1.438,1130dcb2ec4064059862eb2980334ffe;f12d325934177f388674d7cfc92fdff0,26,26
2025-09-28,100,43,43,0,100,0,0,6.11.0,1.979,688dd08bec38e65fd4e73c74ad5446dc,32,32
2025-09-29,49,22,22,0,49,0,0,6.11.0,0.992,cf8d1a6d686f85af7958a580376ac2f3,20,20
2025-09-30,134,68,68,0,134,0,0,6.11.0,2.99,6b66a264d678c0a75d65d10c234e62a7,48,48
2025-10-01,27,15,15,0,27,0,0,6.11.0,0.652,92b1585fcd81a5b08c16d9916944f7fa,11,11
2025-10-02,52,30,30,0,52,0,0,6.11.0,1.237,7c92804ec507e09c769f2dfacc635f15,22,22
2025-10-03,15,4,4,0,15,0,0,6.11.0,0.127,d3c90c9036b0b712076b12b92e474586,4,4
2025-10-04,30,15,15,0,30,0,0,6.11.0,0.619,0b194ba3f45f1f814893b2d4b3f2c6b0,12,12
2025-10-05,23,7,7,0,23,0,0,6.11.0,0.253,8ee8808632c277aa988a13d01cbdb04d,7,7
2025-10-06,14,7,7,0,14,0,0,6.11.0,0.267,e2177275d6233446d82eb47a78bd73ef,6,6
2025-10-07,70,35,35,0,70,0,0,6.11.0,1.475,28d93fce242ec546f50737727661adf5,29,29
2025-10-08,7,3,3,0,7,0,0,6.11.0,0.148,61d262ae47f5e121edb6d362534a620b,2,2
2025-10-09,11,5,5,0,11,0,0,6.11.0,0.22,80e941307a02cd07f705d608bfeb3cd5,4,4
2025-10-10,18,7,7,0,18,0,0,6.11.0,0.281,257a60d041d61d2d2af83a229f94e758,6,6
2025-10-11,49,21,21,0,49,0,0,6.11.0,1.014,0f14ce0a5f808fc9680d9e56646eaf55,13,13
2025-10-12,35,12,12,0,35,0,0,6.11.0,0.488,16a01ec0cdd61a16764175a9003c2d0d,7,7
2025-10-13,46,24,24,0,46,0,0,6.11.0,0.944,13a851ac3c0e1537503aeda692bb35b3,20,20
2025-10-14,18,9,9,0,18,0,0,6.11.0,0.39,dbc177b9674b10a8d8696ece7e617387,9,9
2025-10-15,49,21,21,0,49,0,0,6.11.0,0.89,b2a67fa7e91caf21e8926476840391fa,15,15
2025-10-16,34,11,11,0,34,0,0,6.11.0,0.445,8af6262145496834712eb5239c75a20d,8,8
2025-10-17,1,0,0,0,1,0,0,6.11.0,0.0,351361c49b1768605a597bc669d4a38a,0,0
2025-10-18,4,0,0,0,4,0,0,6.11.0,0.0,34316c5bc51d0f5c31618a1c4677bebd,0,0
2025-10-19,4,3,3,0,4,0,0,6.11.0,0.138,0744cf400ad9107e22c199416d9cce4b,2,2
2025-10-20,27,10,10,0,27,0,0,6.11.0,0.428,2d3f7c4db216f8ab4082dfd2adb50814,9,9
2025-10-21,29,16,16,0,29,0,0,6.11.0,0.637,ad626ac096ccac4caf7d7638b381e56e,10,10
2025-10-22,7,3,3,0,7,0,0,6.11.0,0.117,3f89fdaaae558f5589fa17828675a2b3,2,2
2025-10-23,30,11,11,0,30,0,0,6.11.0,0.493,ec70165d5c282ef323e2c4209f997a4b,11,11
2025-10-25,20,8,8,0,20,0,0,6.11.0,0.352,513e48e9232a8ade2b97d275dcc04435,5,5
2025-10-30,1,1,1,0,1,0,0,6.11.0,0.054,1972d4c7acd2664431e316d96f509223,1,1
2025-11-02,9,5,5,0,9,0,0,6.11.0,0.166,42c9b399cadf53f8a4662ebdaee44100,5,5
2025-11-03,3,1,1,0,3,0,0,6.11.0,0.039,c85c4b80641baae1bf9390d9ff04dfba,1,1
2025-11-04,17,4,4,0,17,0,0,6.11.0,0.156,d7c11607371ffed7ee5046e44db30259,4,4
2025-11-05,3,1,1,0,3,0,0,6.11.0,0.043,ff592f1ecff529c5dd4d113d0045a9a7,1,1
2025-11-06,7,1,1,0,7,0,0,6.11.0,0.06,4d99b93170c3fc29dadfceb4b9e738f0,1,1
2025-11-08,4,4,4,0,4,0,0,6.11.0,0.124,02933716b793710fbff7c9ae1184cd4d,3,3
2025-11-09,5,2,2,0,5,0,0,6.11.0,0.094,d505ee3eb24fa5962c4249b9ee976453,2,2
2025-11-10,3,2,2,0,3,0,0,6.11.0,0.09,bec8a2b533f68b0bb40e10c85dd2478d,2,2
2025-11-12,7,3,3,0,7,0,0,6.11.0,0.096,9c245fdcd976350a57801075962cde8b,2,2
2025-11-17,60,24,24,0,60,0,0,6.11.0,0.987,107d964ba19b82ddc6cdb314b42712e6,20,20
2025-11-18,919,407,407,0,919,0,0,6.11.0,14.705,1e346a52a8df8bd47639b8c8e568158a,323,323
2025-11-19,113,48,48,0,113,0,0,6.11.0,1.912,a4c63fb7bb76dc9a1d9a4807a2ed0220,39,39
2025-11-20,119,47,47,0,119,0,0,6.11.0,1.868,2ebc427789ec5d5b169aa67d9b1327e7,35,35
2025-11-21,52,24,24,0,52,0,0,6.11.0,0.905,93d6512fa70c15c7f6b39aa672ec26e1,22,22
2025-11-22,259,113,113,0,259,0,0,6.11.0,3.597,f816f35ce0ff51c3c8f31950666ad953,90,90
2025-11-23,88,29,29,0,88,0,0,6.11.0,0.997,dd37441787a916d6fbbe868b72f89873,24,24
2025-11-24,58,32,32,0,58,0,0,6.11.0,0.858,11b3caa9ad6efecbfee4b1da7601f63e,29,29
2025-11-25,45,18,18,0,45,0,0,6.11.0,0.658,a25cfb2e0cc29aef7afd8c080e37195e,14,14
2025-11-26,46,16,16,0,46,0,0,6.11.0,0.526,6c846c8cd17ad240453e231ee03bc4fe,12,12
2025-11-27,52,22,22,0,52,0,0,6.11.0,0.896,64938e8629e4ac59f05c52ad17796bcc,16,16
2025-11-28,72,29,29,0,72,0,0,6.11.0,1.122,b821faa9d0bcdc7eb9f57dffbfd977cd,25,25
2025-11-29,70,28,28,0,70,0,0,6.11.0,0.906,65a98129dff6f7845fe91b43268c577b,26,26
2025-11-30,156,59,59,0,156,0,0,6.11.0,2.844,158ab1d7d092743eec098af0be472bab,54,54
2025-12-01,29,15,15,0,29,0,0,6.11.0,0.573,b49949d64646c78b0ad91716de3446e8,14,14
2025-12-02,113,59,59,0,113,0,0,6.11.0,2.659,d6f291cb9796b5b7d70a49602534bd19,47,47
2025-12-03,104,41,41,0,104,0,0,6.11.0,1.664,8b817c9ad0f01c7dbd232412aa5ce2d6,33,33
2025-12-04,104,50,50,0,104,0,0,6.11.0,2.09,6c53e8e0e46747bd97573efc3bb0d436,34,34
2025-12-05,86,45,45,0,86,0,0,6.11.0,1.885,6a8d0655df6826104e09a0e0b33edf18,39,39
2025-12-06,76,28,28,0,76,0,0,6.11.0,1.0,4476f6ffc9007ac7b718e7c54a1e5584,26,26
2025-12-07,34,15,15,0,34,0,0,6.11.0,0.657,2c51a1aabb3a818791483dfe87a322c6,13,13
2025-12-08,17,6,6,0,17,0,0,6.11.0,0.283,36b1ada5e30b637d0c3ce7d11b92dd01,4,4
2025-12-09,14,8,8,0,14,0,0,6.11.0,0.277,3bcf621461850e5d930f0e72bdb0c38c,7,7
2025-12-10,19,10,10,0,19,0,0,6.11.0,0.428,1b34a86469d030f3f03ead4085e24c72,8,8
2025-12-11,37,16,16,0,37,0,0,6.11.0,0.723,716cfaf9a96247746a162fb5699b34ce,15,15
2025-12-12,100,48,48,0,100,0,0,6.11.0,1.788,16a7731ab103c382433bb581218bfbdc,33,33
2025-12-13,36,18,18,0,36,0,0,6.11.0,0.653,3e6cf745dc1cc81e3f6fa5ae6d78403d,17,17
2025-12-14,47,16,16,0,47,0,0,6.11.0,0.735,cac53e12f2eb3294cd9931a2fe2959e5,11,11
2025-12-15,23,10,10,0,23,0,0,6.11.0,0.41,6645b880015abe08ecd0237f2d871bef,8,8
2025-12-16,24,10,10,0,24,0,0,6.11.0,0.374,3c4424c6540bf8111ab0aca3061deba0,6,6
2025-12-17,17,3,3,0,17,0,0,6.11.0,0.145,3441070156e31de8704375b23a14da97,2,2
2025-12-18,13,6,6,0,13,0,0,6.11.0,0.235,e98dd77c76f61f6d5b4860773c747f2d,6,6
2025-12-19,150,58,58,0,150,0,0,6.11.0,1.749,80cf47eaa8430a435996b9b1504aa679,54,54
2025-12-20,89,42,42,0,89,0,0,6.11.0,1.759,46abb73bb5842d1197cf2dfef34711cd,37,37
2025-12-21,85,33,33,0,85,0,0,6.11.0,1.218,d614d4734e713c5cea8745cd398bd300,30,30
2025-12-22,37,23,23,0,37,0,0,6.11.0,0.961,26c8833b8c6e885d8d94788a12f92fa5,15,15
2025-12-23,102,51,51,0,102,0,0,6.11.0,1.994,0cb6abcc8f1d469e3dc6ed29b66ab519,39,39
2025-12-24,47,20,20,0,47,0,0,6.11.0,0.936,2c4a283fccde5c50bc7ec744c9312be4,17,17
2025-12-25,60,30,30,0,60,0,0,6.11.0,1.343,a991137a77930d8198ae963509a42637,21,21
2025-12-26,109,49,49,0,109,0,0,6.11.0,1.511,7b7d359f9f9a2d4633dca90e7c5cb517,42,42
2025-12-27,33,11,11,0,33,0,0,6.11.0,0.342,af76c4c9afa7fefb14b9d1e934b94b08,9,9
2025-12-28,42,19,19,0,42,0,0,6.11.0,0.601,cbc2ba87e12d12497fcc45d87ee817d9,13,13
2025-12-29,217,91,91,0,217,0,0,6.11.0,3.796,2ddd7c1f35db48318593a0e158c437e0,73,73
2025-12-30,79,29,29,0,79,0,0,6.11.0,1.127,d8a391da7a4cfdc3ad6133169fb04745,23,23
2025-12-31,189,91,91,0,189,0,0,6.11.0,4.089,3c6e0b796d3e84e4100eca2042af35c5,80,80
2026-01-01,85,32,32,0,85,0,0,6.11.0,0.788,4e8280074f3b3640d66688cf8fb0e081,28,28
2026-01-02,70,24,24,0,70,0,0,6.11.0,0.474,1832a3eaccd923064195cf98caf116d2,24,24
2026-01-03,54,25,25,0,54,0,0,6.11.0,0.931,774e5e73e3303743da5720db54cfc284,21,21
2026-01-04,40,11,11,0,40,0,0,6.11.0,0.402,75d1ae5b4a452ddd693961fd2431404c,7,7
2026-01-05,42,13,13,0,42,0,0,6.11.0,0.507,94bd9abb06a7a6fc76163b9d4936546e,9,9
2026-01-06,98,38,38,0,98,0,0,6.11.0,1.374,aac89ca664b79c79663ac77db00da287,31,31
2026-01-07,48,23,23,0,48,0,0,6.11.0,0.812,2579adbefa1f7838d5f8b5fe815ecb0a,20,20
2026-01-08,122,59,59,0,122,0,0,6.11.0,2.548,f15ba0ad252a456af38abc92bf17caa2,49,49
2026-01-09,49,20,20,0,49,0,0,6.11.0,0.787,21014e74d0294b763b2d2eea1ef10524,16,16
2026-01-10,85,49,49,0,85,0,0,6.11.0,2.029,f4ff3256e9e80f494488d26be95dacbd,38,38
2026-01-11,240,102,102,0,240,0,0,6.11.0,4.166,b95c7739ec202513b066ca3280d51f35,89,89
2026-01-12,269,123,123,0,269,0,0,6.11.0,5.095,9082d0271b08016e3cfd9e8a06a488a7,98,98
2026-01-13,61,27,27,0,61,0,0,6.11.0,1.154,a72a1243f0d57262a292fd0a6c9a442e,23,23
2026-01-14,73,35,35,0,73,0,0,6.11.0,1.484,b09d578b603953b8f4fe52f19ae97db6,29,29
2026-01-15,50,27,27,0,50,0,0,6.11.0,1.07,915e4641893159024b049ae704ff19d3,20,20
2026-01-16,35,13,13,0,35,0,0,6.11.0,0.569,001bc7605de205ea16a0e12e00133619,6,6
2026-01-17,204,75,75,0,204,0,0,6.11.0,2.798,1568ed1c9cbce0be1922b952764fd20c,65,65
2026-01-18,87,36,36,0,87,0,0,6.11.0,1.633,5f5ea3a4c402d5fb10835560dbb45585,33,33
2026-01-19,65,34,34,0,65,0,0,6.11.0,1.485,ba2b235a4108af5bec41408e814aeecd,28,28
2026-01-20,89,35,35,0,89,0,0,6.11.0,1.34,1b613cddc45447ab10f31f20c3158e83,31,31
2026-01-21,73,31,31,0,73,0,0,6.11.0,0.981,8be5052fcac9e1da5929ace2cb4be931,30,30
2026-01-22,120,49,49,0,120,0,0,6.11.0,1.987,736d36af32923380282bda16b9dd34f8,40,40
2026-01-23,37,21,21,0,37,0,0,6.11.0,0.833,573b570f02acfa41869178886f8dce44,14,14
2026-01-24,22,14,14,0,22,0,0,6.11.0,0.667,c9668aa1ca89931d2ae41c6ec0b05b7c,9,9
2026-01-25,129,58,58,0,129,0,0,6.11.0,2.462,6916c4da1726086d2a101700b5806542,46,46
2026-01-26,68,34,34,0,68,0,0,6.11.0,1.36,fc2f1ac289875a2f5733190a08ebec30,23,23
2026-01-27,29,9,9,0,29,0,0,6.11.0,0.39,8392b7768de3524c912b84a889e4708c,5,5
2026-01-28,40,15,15,0,40,0,0,6.11.0,0.576,1e7738d9350e08ca631fd4151739e60a,13,13
2026-01-29,172,70,70,0,172,0,0,6.11.0,2.788,093f344328297ce73bd29c86f7b60b12,56,56
2026-01-30,63,31,31,0,63,0,0,6.11.0,1.267,2a6a657faeb36786c9e6d28cc43435b7,25,25
2026-01-31,119,53,53,0,119,0,0,6.11.0,2.328,bfbfd7cd82e8fa1e1d7e5732e8705bf1,41,41
2026-02-01,41,27,27,0,41,0,0,6.11.0,1.179,5759f1100c838b0f67285f98769822a4,22,22
2026-02-02,70,38,38,0,70,0,0,6.11.0,1.729,83f7f94a7553a5c29b844180b959b7ce,28,28
2026-02-03,40,20,20,0,40,0,0,6.11.0,0.917,28bca482d2f8851fe1256559495acdf6,11,11
2026-02-04,120,50,50,0,120,0,0,6.11.0,1.954,8b68070c01985ce93692568386d910ef,40,40
2026-02-05,54,19,19,0,54,0,0,6.11.0,0.64,50816c674f8195d481d3317eb948c606,18,18
2026-02-06,76,30,30,0,76,0,0,6.11.0,1.224,a5906db3699f5d5630fd5b0ef19855e3,19,19
2026-02-07,41,12,12,0,41,0,0,6.11.0,0.405,79aa6f29beae92c6f4a2e4f3911e96b6,10,10
2026-02-08,62,30,30,0,62,0,0,6.11.0,1.173,edeaf1ac7c9a36c68818ca4b031ec32a,26,26
2026-02-09,138,58,58,0,138,0,0,6.11.0,2.28,339f3f4e9d67b1650f20bb10004c798f,50,50
2026-02-10,130,60,60,0,130,0,0,6.11.0,2.64,601e5b221d37426e6f18d365fe3b9e03,51,51
2026-02-11,110,51,51,0,110,0,0,6.11.0,1.932,81b466540828c8b161e8c860769e6258,42,42
2026-02-12,93,35,35,0,93,0,0,6.11.0,1.476,b734d2fde8b587caec04aaaa9ab99bff,28,28
2026-02-13,36,16,16,0,36,0,0,6.11.0,0.754,196c613df3c751ef5968bdbdf100c3fc,11,11
2026-02-14,167,67,67,0,167,0,0,6.11.0,2.675,7d07b05083f9a658d4fe325cdb0b40cc,50,50
2026-02-15,128,55,55,0,128,0,0,6.11.0,2.122,661c3cab58e5f63dfc3ada2dea9e95ec,46,46
2026-02-16,43,20,20,0,43,0,0,6.11.0,0.871,963e703a9f4e72d24cd3a9b17c68fa33,16,16
2026-02-17,65,28,28,0,65,0,0,6.11.0,1.138,89434699e115538c0ac00cb1f0838617,21,21
2026-02-18,93,40,40,0,93,0,0,6.11.0,1.733,2f63c3ce390af17968c189e7bfa3745d,34,34
2026-02-19,255,111,111,0,255,0,0,6.11.0,5.065,e6318a7a3e423c53fedd2e7b2d9f3363,92,92
2026-02-20,184,76,76,0,184,0,0,6.11.0,3.236,ac101dc11da0f4bfd8d4693dbd2845d1,61,61
2026-02-21,187,79,79,0,187,0,0,6.11.0,3.381,dfaf17ec6863b1ca7189c81a6c232e46,67,67
2026-02-22,101,45,45,0,101,0,0,6.11.0,1.864,3770b2f9ad622ba46a4a48ebd1077a19,35,35
2026-02-23,113,53,53,0,113,0,0,6.11.0,2.06,c5b282681c8eb5cf9c7acce34ef3a85c,45,45
2026-02-24,50,21,21,0,50,0,0,6.11.0,0.994,e149cd733cf0da909fb5b7be08b17a59,11,11
2026-02-25,146,68,68,0,146,0,0,6.11.0,3.202,029c36c82832cff47b6aeacd25fd2407,50,50
2026-02-26,113,51,51,0,113,0,0,6.11.0,2.32,081597c863db450ec4b0716af0d6d33f,43,43
2026-02-27,136,53,53,0,136,0,0,6.11.0,2.114,470452a7956e49f9b712eb86d6ccdc76,43,43
2026-02-28,115,46,46,0,115,0,0,6.11.0,1.666,31a623877093a14917a01af09eff4f8f,37,37
2026-03-01,61,32,32,0,61,0,0,6.11.0,0.944,e2365a8add1a4be8814a211b26ad87a3,28,28
2026-03-02,52,24,24,0,52,0,0,6.11.0,0.845,fe695382ca8a464c9c2b3a205c86e7fc,17,17
2026-03-03,114,46,46,0,114,0,0,6.11.0,2.05,e851ffb66155eb47f81edafcd7c52a90,39,39
2026-03-04,117,48,48,0,117,0,0,6.11.0,1.801,82b5b6d5907bfd85d67ac75bd948c064,38,38
2026-03-05,106,48,48,0,106,0,0,6.11.0,1.643,f62fe4ceae0b490db1c96c1278fc73f2,39,39
2026-03-06,167,79,79,0,167,0,0,6.11.0,2.986,e7b516d54fa80198ae4091a01e9dbae1,56,56
2026-03-07,75,28,28,0,75,0,0,6.11.0,1.067,a5618c8b6346b5e99ca2d14e6221740e,22,22
2026-03-08,69,28,28,0,69,0,0,6.11.0,1.145,9735b006d6eb5340bdd62e40106383a5,23,23
2026-03-09,120,53,53,0,120,0,0,6.11.0,2.015,39168b47b3a138438f3a4f974e2bf74b,38,38
2026-03-10,155,60,60,0,155,0,0,6.11.0,2.727,dcf79e71bf7e9e5f8fe058b2cf298a1b,42,42
2026-03-11,168,79,79,0,168,0,0,6.11.0,2.032,63682cfcb97d23dfd6cf7a9b1aef0150,67,67
2026-03-12,132,52,52,0,132,0,0,6.11.0,1.566,a05cf35700b9c9419a3e76b00e79211a,46,46
2026-03-13,173,63,63,0,173,0,0,6.11.0,1.999,225d981c30e7b9e104d30a18ed402bde,51,51
2026-03-14,177,79,79,0,177,0,0,6.11.0,2.635,46db675c2952f03608392efa611db077,68,68
2026-03-15,184,82,82,0,184,0,0,6.11.0,3.339,9e08ac05941ac490fdd125783fc61bec,65,65
2026-03-16,57,24,24,0,57,0,0,6.11.0,0.608,a4a03883ba54ec265e94e854b82981ab,22,22
2026-03-17,88,41,41,0,88,0,0,6.11.0,1.311,b5bac478616a22d5ed2f7128a47e5004,31,31
2026-03-18,131,61,61,0,131,0,0,6.11.0,2.077,73a437623799a5e25f270225b4c40bd4,48,48
2026-03-19,104,38,38,0,104,0,0,6.11.0,1.303,f796743a59e9e02f8cea5ad4a8d9d8a2,35,35
2026-03-20,116,42,42,0,116,0,0,6.11.0,1.773,cb8814a0758d3eda70305ff31823de97,36,36
2026-03-21,132,53,53,0,132,0,0,6.11.0,2.102,3925299b2db4d21ac4c0a10908526667,41,41
2026-03-22,193,87,87,0,193,0,0,6.11.0,3.256,4641503bd58ce9b2733608965a816931,71,71
2026-03-23,103,43,43,0,103,0,0,6.11.0,1.591,0cb8f7d506d52a4c054d40584cb910d2,37,37
2026-03-24,27,10,10,0,27,0,0,6.11.0,0.468,42cae4003844fc9235d09b77fd927e0e,8,8
2026-03-25,46,19,19,0,46,0,0,6.11.0,0.664,4a71aa73f4802f1fc3c2409a31b043b9,17,17
2026-03-26,60,29,29,0,60,0,0,6.11.0,1.104,2cbfe8b59b955a61c1e810f636e7c652,17,17
2026-03-27,72,38,38,0,72,0,0,6.11.0,1.531,d643f7f0723f639f00e42d707c468887,31,31
2026-03-28,24,10,10,0,24,0,0,6.11.0,0.386,4f52dd995bfe02422d07041ef8cd0caf,10,10
2026-03-29,77,34,34,0,77,0,0,6.11.0,1.303,e18a8d59a5ba1dedc4581b3483b1df54,25,25
2026-03-30,109,37,37,0,109,0,0,6.11.0,1.507,aab8caa9eaaa9d87e67cc78b60ae86bd,34,34
2026-03-31,46,19,19,0,46,0,0,6.11.0,0.753,fc57068c102636ca2701869aafad6cb9,16,16
2026-04-01,40,23,23,0,40,0,0,6.11.0,1.046,be3fe062bd46969d40fb03210b9cab92,21,21
2026-04-02,120,55,55,0,120,0,0,6.11.0,2.383,49201a3e982a58bba4854c434c704099,40,40
2026-04-03,113,56,56,0,113,0,0,6.11.0,2.269,81b8b7b82aa1f1129aaae5fc46ddffc1,40,40
2026-04-04,55,20,20,0,55,0,0,6.11.0,0.935,b9668c21566424e90f857c5205d3a54e,12,12
2026-04-05,62,29,29,0,62,0,0,6.11.0,1.323,37b5d5c19249809a7cd0053ff96a5c9a,21,21
2026-04-06,41,17,17,0,41,0,0,6.11.0,0.733,dcc4fea4e8d57a2d23b3b66621c549b7,14,14
2026-04-07,127,52,52,0,127,0,0,6.11.0,2.396,8b127ae50dbc98ceba4f858bab40a884,43,43
2026-04-08,138,64,64,0,138,0,0,6.11.0;6.11.1,2.77,ba46ef8b7536e82f043e791b2ae9850c,45,45
2026-04-09,89,41,41,0,89,0,0,6.11.1,1.579,2e98ffef0219d2e9dda981cd2acef5f9,36,36
2026-04-10,52,20,20,0,52,0,0,6.11.1,0.856,7bf29b088f5e00f784b43ac9582e7bca,16,16
2026-04-11,55,28,28,0,55,0,0,6.11.1,1.268,2d210b8ad57860f8cf733c0d4c1cabd7,19,19
2026-04-12,100,43,43,0,100,0,0,6.11.1,1.662,9583e476ac00eec48e1f75cc7fbd3e65,37,37
2026-04-13,58,28,28,0,58,0,0,6.11.1,1.317,abadbdfd01f974da8fb3744d06ab08a4,19,19
2026-04-14,83,32,32,0,83,0,0,6.11.1,1.513,ffd17c9f12361a7fcb250a897e50a29b,26,26
2026-04-15,78,32,32,0,78,0,0,6.11.1,1.523,f783b4315e287f94390efa6a05ce90b3,25,25
2026-04-16,78,43,43,0,78,0,0,6.11.1,1.801,7ee76b2bb6c4e16a84e001ad4f942fdb,35,35
2026-04-17,50,21,21,0,50,0,0,6.11.1,0.802,2cfb92bd884296173b1670b3a9ef2586,19,19
2026-04-18,39,23,23,0,39,0,0,6.11.1,1.048,1c3c2f1d3dca934e9bc68b5ee3dccb73,15,15
2026-04-19,40,18,18,0,40,0,0,6.11.1,0.639,254dc259d24a721d7df08968a19fa91f,14,14
2026-04-20,141,56,56,0,141,0,0,6.11.1,2.011,a1c791ca62dc6a2d20a272c9202779ec,44,44
2026-04-21,44,19,19,0,44,0,0,6.11.1,0.833,e9332c1384bfe7c2400c471214386c34,13,13
2026-04-22,31,11,11,0,31,0,0,6.11.1,0.475,b8209de5179bfc1a5bfbc9042a460fa8,10,10
2026-04-23,128,49,49,0,128,0,0,6.11.1,2.1,62ff7430d51561b3b29fcf775b03c736,41,41
2026-04-24,25,11,11,0,25,0,0,6.11.1,0.553,9951c20c23900731d2338028a60a0424,10,10
2026-04-25,162,66,66,0,162,0,0,6.11.1,2.434,4a391efef708c93b544c54587d6d43db,56,56
2026-04-26,98,47,47,0,98,0,0,6.11.1,2.013,cfa6354484d87c33dbb38f3caa9593f8,40,40
2026-04-27,25,9,9,0,25,0,0,6.11.1,0.404,e6e5132917b9d3137e8498c876c88e17,8,8
2026-04-28,59,21,21,0,59,0,0,6.11.1,0.876,0f8131fe811c49b266faf53eec93d5b2,17,17
2026-04-29,597,270,270,0,597,0,0,6.11.1,11.098,ccfd858b3c42d7e1d4b7f239960351af,218,218
2026-04-30,86,39,39,0,86,0,0,6.11.1,1.646,3cd111236608777d4050c99cf93a1a68,29,29
2026-05-01,100,47,47,0,100,0,0,6.11.1,1.859,7e10c4ea08577d3d42fee5a61d5d08c3,39,39
2026-05-02,185,84,84,0,185,0,0,6.11.1,3.533,3623e3d11e4f5fd303edd3c5319ab8c4,57,57
2026-05-03,67,31,31,0,67,0,0,6.11.1,1.283,aae2c28bf723521e3fc914e71dc717d2,23,23
2026-05-04,75,37,37,0,75,0,0,6.11.1,1.674,61d0cdcefc7dece847ba18ef2b1b557c,34,34
2026-05-05,96,48,48,0,96,0,0,6.11.1,2.009,d829f03c2cd3a8f1d5fba065156a4e37,40,40
2026-05-06,89,28,28,0,89,0,0,6.11.1,1.214,e1234d4543f1d36f87984c0dc8aa4bd2,20,20
2026-05-07,62,28,28,0,62,0,0,6.11.1,1.224,18a7e03136438f44ba2cbc5de63d982a,23,23
2026-05-08,125,44,44,0,125,0,0,6.11.1,1.756,c26de6ac0470a87aadd0546fdbf925da,32,32
2026-05-09,100,34,34,0,100,0,0,6.11.1,1.321,51fa4c87503ae9ac93ca0aa3ab53e423,25,25
2026-05-10,110,39,39,0,110,0,0,6.11.1,1.699,61cd8e07c8ab1d54fd03f577d12fc1ef,29,29
2026-05-11,48,16,16,0,48,0,0,6.11.1,0.758,9c85a9f42a614457cac3c42d39e1a050,12,12
2026-05-12,45,21,21,0,45,0,0,6.11.1,0.893,f004fd841056c13ea2ecd6f520fd0ccc,16,16
2026-05-13,2,1,1,0,2,0,0,6.11.1,0.009,a0befc157f05da9c8b8c19f8f4297aba,1,1
2026-05-15,12,10,10,0,12,0,0,6.11.1,0.413,b7976c718f0e0f52e526bb2cbb22841b,7,7
2026-05-28,1,0,0,0,1,0,0,6.11.1,0.0,86401265549ca8fa90c4fb0f4defa286,0,0
2026-06-01,754,324,324,0,754,0,0,6.11.1,13.52,f744b3c5bb62d0eadf2c9b3c34b16514,273,273
2026-06-02,5,1,1,0,5,0,0,6.11.1;6.11.2,0.052,b2d1b7146cf504f8b4c790df666f6416,1,1
2026-06-03,1,1,1,0,1,0,0,6.11.2,0.045,449a6e27df33c340f25f102ab706b793,1,1
2026-06-04,8,2,2,0,8,0,0,6.11.2,0.055,70dcec5e3e23a33277ab0713b7e392c9,2,2
2026-06-05,12,6,6,0,12,0,0,6.11.3,0.286,5a7570748c4ca7f731beb696031d9320,4,4
2026-06-06,15,5,5,0,15,0,0,6.11.3,0.261,ebd676c089dd12c8444ac90b6886dcc7,5,5
2026-06-07,31,10,10,0,31,0,0,6.11.3;6.11.4,0.465,993cbe7370cbde2c4cb98550e273b255,8,8
2026-06-08,5,2,2,0,5,0,0,6.11.4;6.11.5,0.074,4469dd9953efeb36704a3909eab134d7,2,2
2026-06-09,5,4,4,0,5,0,0,6.11.6;6.11.7,0.214,550b0eb6995963c2e466ab93fe61a44f,3,3
2026-06-10,20,16,16,0,20,0,0,6.11.7,0.691,2792e526bb2e74e1bfaa9a6b12dfa73c,15,15
2026-06-11,6,4,4,0,6,0,0,6.11.7,0.182,7bdd280c4fa35472aadf017467ca8cdf,3,3
2026-06-12,8,4,4,0,8,0,0,6.11.7,0.127,87924fa73e47196d97ee318c6ed28fbf,4,4
2026-06-13,5,2,2,0,5,0,0,6.11.7,0.098,f5172189efdac4b42dfe09964282b202,2,2
2026-06-14,2,1,1,0,2,0,0,6.11.7,0.029,fda635de146eb05d668f27d19451b053,1,1
2026-06-15,37,26,26,0,37,0,0,6.11.8;6.11.9,1.206,831c2e1568d984e40add64185dda0ca7,22,22
2026-06-16,34,10,10,0,34,0,0,6.11.9,0.434,88ce11e1640511ead867b36fd9b3a002,9,9
2026-06-17,12,7,7,0,12,0,0,6.11.9,0.271,f5846cc32f29fe274bc4d05af58a7405,7,7
2026-06-18,16,9,9,0,16,0,0,6.11.9,0.45,ec0468e7b38fea7bb935becb35da926f,9,9
2026-06-19,23,6,6,0,23,0,0,6.11.9,0.246,adeb340b2c581fb57702131bbf1d7e14,4,4
2026-06-20,9,6,6,0,9,0,0,6.11.9,0.295,8b9fe4fc29318533b24e476e94b54465,4,4
2026-06-21,10,6,6,0,10,0,0,6.11.9,0.267,e842799d8e816707a51184e90ce5ffff,5,5
2026-06-22,28,14,14,0,28,0,0,6.11.9,0.596,7205bb7933db4ae5c1896dab8aad5922,14,14
2026-06-23,179,66,66,0,179,0,0,6.11.9,2.564,c41f08389f1a742b5a3168befea8439e,55,55
2026-06-24,211,72,72,0,211,0,0,6.11.9,2.615,0da3caedd710989423ad6c53e2be4fea,59,59
2026-06-25,203,83,83,0,203,0,0,6.11.9,3.224,cb925161e9b4049a24649950602ba04b,69,69
2026-06-26,87,41,41,0,87,0,0,6.11.9,1.585,aa0c53e5c01fc3d1447ab42cb3a3dd1d,36,36
2026-06-27,1007,871,871,0,1007,0,0,6.11.9,40.454,03e920b60786969af57a7cd5fa92f096,857,857
2026-06-28,156,60,60,0,156,0,0,6.11.9,2.432,6f22d3e9546bf998dee64694792fcca8,46,46
2026-06-29,80,40,40,0,80,0,0,6.11.9,1.712,e8b3c596b40c397c69a61bba9b8b382f,30,30
2026-06-30,77,36,36,0,77,0,0,6.11.9,1.296,4b8d232e5eb355b8c9127e1e77d2cc7d,30,30
2026-07-01,86,35,35,0,86,0,0,6.11.9,1.436,ee8feac53a166c695bdb4a727819e11f,28,28
2026-07-02,93,34,34,0,93,0,0,6.11.9,1.376,e80560d6904107c8c8d9243daa241df8,29,29
2026-07-03,525,473,473,0,525,0,0,6.11.9,22.07,54bcf859517f049bc589d1d8c0d7d250,469,469
2026-07-04,96,44,44,0,96,0,0,6.11.9,1.777,906993f16e89b98fc226142584d4dbd5,36,36
2026-07-05,71,33,33,0,71,0,0,6.11.9,1.31,a78da3497c34671b171847a4fe1d1676,29,29
2026-07-06,117,49,49,0,117,0,0,6.11.9,1.992,c3781ad6565bbe77636a28bdabb54e27,41,41
2026-07-07,101,53,53,0,101,0,0,6.11.9;7.1.1,2.216,3827976f0b4c2606540619cbdedf3f45,42,42
2026-07-08,92,45,45,0,92,0,0,7.1.1;7.1.2;7.2.0,1.647,e98ea23de12f39d319e954d019ea2fd8,38,38
2026-07-09,116,42,42,0,116,0,0,7.2.0,1.584,8e8892730bfc5b8c8bda5def991ebfe6,31,31
2026-07-10,106,44,44,0,106,0,0,7.2.0,1.665,0687c82ad98fabc732d6484dc3137a0f,37,37
2026-07-11,104,35,35,0,104,0,0,7.2.0,1.281,242170e11deb68f29fa14c32b638662f,31,31
2026-07-12,82,36,36,0,82,0,0,7.2.0;7.2.1,1.297,3114595964cbb06eb57d5f44060b7338,28,28
2026-07-13,111,53,53,0,111,0,0,7.2.1,2.124,45d96cd7c18621a44bb3cc330d129ab8,42,42
2026-07-14,111,51,51,0,111,0,0,7.2.1,1.946,85a8608721cf91beb4c785281fefd38c,40,40
2026-07-15,86,35,35,0,86,0,0,7.2.1,1.308,aad17cd07594a028e0804edf804193eb,29,29
2026-07-16,97,46,46,0,97,0,0,7.2.1,1.906,45a305234222bbc20ae9829801800cc8,39,39
2026-07-17,85,39,39,0,85,0,0,7.2.1,1.629,2d31c4301b216d9ea2d466c808a458bf,32,32
2026-07-18,92,44,44,0,92,0,0,7.2.1,1.761,f6468f7d17100c90f36c2bc4a30efa81,38,38
2026-07-19,78,32,32,0,78,0,0,7.2.1,1.167,acbbb0b4f0c1acf28a35d6a1cc9c762d,29,29
2026-07-20,83,45,45,0,83,0,0,7.2.1,1.905,08d2ef261c7f9c0be532b3f1a805aad4,41,41
2026-07-21,72,30,30,0,72,0,0,7.2.1,1.156,4ffadbff1295e2bf106a58aa14b1a842,27,27
2026-07-22,96,42,42,0,96,0,0,7.2.1,1.658,351f465d60c40d230e490bb9156e8b60,33,33
2026-07-23,73,29,29,0,73,0,0,7.2.1,1.145,bce35a86bd656c14566765454e7a3786,26,26
2026-07-24,92,47,47,0,92,0,0,7.2.1,1.878,2371f7bfbb8e048328bc2f980e3579ce,36,36
2026-07-25,64,31,31,0,64,0,0,7.2.1,1.16,e75c5b43c528fbc197f69e0898d02667,25,25
2026-07-26,135,61,61,0,135,0,0,7.2.1,2.132,7b171443f6b3e6c903c750a0791fc8a3,50,50
2026-07-27,132,57,57,0,132,0,0,7.2.1,1.934,37e62e28f4aa31e7198f029dac6298d3,44,44
2026-07-28,108,47,47,0,108,0,0,7.2.1,1.682,f8bcac72428715e05c04e871ba5e47d3,38,38
2026-07-29,157,65,65,0,157,0,0,7.2.1,2.193,c12348780654e5600ff284acb1e23962,55,55
2026-07-30,98,43,43,0,98,0,0,7.2.1,1.647,80d9c9d4f7068af31593e55352cca3f3,38,38
2026-07-31,110,46,46,0,110,0,0,7.2.1,1.774,6c85b3465c74f5077e2b24fc57d88760,37,37
2026-08-01,89,45,45,0,89,0,0,7.2.1,1.754,b8c92d5f482b08c5064f1a507f6dbddf,36,36
2026-08-02,129,63,63,0,129,0,0,7.2.1,2.419,d5311efa0a8912593741cec6a4775419,51,51
2026-08-03,177,105,105,0,58,119,0,7.2.1;8.2.2,4.097,5b13b787df6f872d976349d8b666976d,88,88
2026-08-04,97,46,46,0,0,97,0,8.2.2,1.594,e71681c6bc0d254d43d7fe57c40f789c,37,37
2026-08-05,112,56,56,0,0,112,0,8.2.2,1.995,793d27d4984a29114e78a243c6b5a3bb,45,45
2026-08-06,132,72,72,0,0,132,0,8.2.2,2.479,1176e81a5cd159cc9651927bfd7ee171,54,54
2026-08-07,113,59,59,0,0,113,0,8.2.2,2.322,13dfc0dfddc7004e837c5d24eeb4e996,44,44
2026-08-08,129,67,67,0,0,129,0,8.2.2,2.576,cb1d3d43c54f606abebc97147a2df521,57,57
2026-08-09,155,75,75,0,0,155,0,8.2.2,2.851,c54d438b0cb015b3e21dcc2b33edf605;cb1d3d43c54f606abebc97147a2df521,56,56
2026-08-10,130,60,60,0,0,130,0,8.2.2,2.029,7834bd7765c6cc0c3cfa78f2ffae0a27,46,46
2026-08-11,133,63,63,0,0,133,0,8.2.2,2.465,bf73cbf40ef73cd641d63ebed3f80f85,53,53
2026-08-12,166,105,105,0,0,166,0,8.2.2,4.284,195b80b0a7812a7494864154904cb047,88,88
2026-08-13,110,68,68,0,0,110,0,8.2.2,2.697,5194a764151245e2a9fa91e19ebf04c3,57,57
2026-08-14,56,27,27,0,0,56,0,8.2.2,1.095,7183cd0b5379cd4242336ed9acd0dd61,22,22
2026-08-15,83,44,44,0,0,83,0,8.2.2,1.794,1418c75d43fe154e8cdc2debef4e179b,33,33
2026-08-16,87,51,51,0,0,87,0,8.2.2,2.238,793a35faec78d55af479ca63206aefcb,35,35
2026-08-17,76,44,44,0,0,76,0,8.2.2,1.788,a7f1dbd9b11450c3f8bdab358227dd51,39,39
2026-08-18,66,32,32,0,0,66,0,8.2.2,1.267,dff8528573d4811e2c09bb38a2df7fcb,24,24
2026-08-19,71,36,36,0,0,71,0,8.2.2,1.51,52ab702d2b3f9da4e0ef8e9f90bc0502,29,29
2026-08-20,114,47,47,0,0,114,0,8.2.2,1.535,51828bb868e425d94eb79052e3d0501f,37,37
2026-08-21,96,50,50,0,0,96,0,8.2.2,1.994,c671fde8ec41e255702e86d993ab9cfe,42,42
2026-08-22,84,47,47,0,0,84,0,8.2.2;8.3.0,1.849,8a21ffb27caa680075fc3944c5cfaf2d,36,36
2026-08-23,90,46,46,0,0,90,0,8.3.0,1.615,900ab4ee70f227d09f909494efe20cfd,37,37
2026-08-24,101,48,48,0,0,101,0,8.3.0,1.631,5d311702d53e4bf7fc16c13dbd65a3ec,38,38
2026-08-25,106,53,53,0,0,106,0,8.3.0,1.774,db29fc17b843781f6888eedb2e92aefe,38,38
2026-08-26,147,77,77,0,0,147,0,8.3.0,2.771,ced8c77ead90c32f24a2b9097731bd6c,50,50
2026-08-27,127,69,69,0,0,127,0,8.3.0,2.433,4911609fd8aa514a35a7b7822cbceace,51,51
2026-08-28,100,55,55,0,0,100,0,8.3.0,1.745,950992a0710e00db48de14dca89f4b11,41,41
2026-08-29,88,42,42,0,0,88,0,8.3.0,1.535,8f6ed0d93ed6b2cdf8c2d4f7ec5726dd,30,30
2026-08-30,133,67,67,0,0,133,0,8.3.0,2.314,7c9378b8c63a4ab890a6a7239c24edf3,53,53
2026-08-31,153,81,81,0,0,153,0,8.3.0,2.853,fa58c1c47935448f100466059f94c2da,61,61
2026-09-01,87,40,40,0,0,87,0,8.3.0,1.416,916b59d3e19932f5231e0d2c9c2bb7fc,30,30
2026-09-02,140,74,74,0,0,140,0,8.3.0,2.641,363255f474c312cbe1455cc56fde2907,54,54
2026-09-03,101,52,52,0,0,101,0,8.3.0,1.713,258c0b2350c0155ed958260770d4863e,41,41
2026-09-04,89,47,47,0,0,89,0,8.3.0,1.61,688f596a0eda7348dcac19292ac8938e,35,35
2026-09-05,111,45,45,0,0,111,0,8.3.0,1.591,4bcf502739b22b882925d682bcec30c1,37,37
2026-09-06,152,71,71,0,0,152,0,8.3.0,2.515,da41accecfe56f4261315e32143fe930,55,55
2026-09-07,114,56,56,0,0,114,0,8.3.0;8.5.0,2.034,b8a9786fc63a6c497db20320266ad5fe,44,44
2026-09-08,102,43,43,0,0,102,0,8.5.0,1.41,ad788a9303531bb953a5e067b1821986,32,32
2026-09-09,119,53,53,0,0,119,0,8.5.0,2.006,85a4e2de6b4728db4886646374cd4724,38,38
2026-09-10,94,53,53,0,0,94,0,8.5.0,1.96,0a4fa46c7ec6c0a244ca893f4d4bb634,42,42
2026-09-11,68,33,33,0,0,68,0,8.5.0,1.175,6ea6fcaccca96d56c7299160a41949d2,25,25
2026-09-12,126,60,60,0,0,126,0,8.5.0,2.077,1e9e58dae0bb33e0e7b309301a07a19e,46,46
2026-09-13,86,45,45,0,0,86,0,8.5.0,1.769,0fed63891f7bacab2deee3a521890350,31,31
2026-09-14,92,44,44,0,0,92,0,8.5.0,1.39,88c8fb00fb1b8f7f82434667316536e6,32,32
2026-09-15,88,52,52,0,0,88,0,8.5.0,1.663,f22b8e82ebe40652ece4f1e9cb673884,42,42
2026-09-16,77,31,31,0,0,77,0,8.5.0,1.088,6a1ace979b940ef44a9bc201ad8c6f53,22,22
2026-09-17,117,61,61,0,0,117,0,8.5.0,2.148,8dcd301bcd201b6d54b4c0337c944c1c,48,48
2026-09-18,93,45,45,0,0,93,0,8.5.0,1.413,663c3aa348193d08895e9d1703282520,36,36
2026-09-19,110,58,58,0,0,110,0,8.5.0,1.786,b249609e3f813478c915467ba8196a42,45,45
2026-09-20,117,60,60,0,0,117,0,8.5.0,2.197,b2fa6aaf2c1640fdb2f41ebf113863eb,44,44
2026-09-21,73,43,43,0,0,73,0,8.5.0,1.538,ca28e91e933c1dd6ddef094f9a6fb8be,35,35
2026-09-22,85,40,40,0,0,85,0,8.5.0,1.324,a17bd834d7dcd19998e778763e753e44,32,32
2026-09-23,136,66,66,0,0,136,0,8.5.0,2.376,93b4263ab0d63390e8bc1ef1281418d0,51,51
2026-09-24,126,62,62,0,0,126,0,8.5.0,2.204,ccf078c629cb3af811484f2674adea46,52,52
2026-09-25,101,45,45,0,0,101,0,8.5.0,1.736,7b7bcdfb294edb4d6069fcf29cf7f92b,36,36
2026-09-26,85,39,39,0,0,85,0,8.5.0,1.537,345d79ae9a6f352c31805117f7b1ba08,27,27
2026-09-27,119,36,36,0,0,119,0,8.5.0,1.244,ce6286af10d0da5e1940e7569a713bda,36,36
