map_name,matches,rounds,current_fraction,test_rounds_expected,fraction_needed_matches,fraction_needed_rounds,fraction_needed,meets_targets
cs_agency,3,66,0.3499999999999999,13.200000000000001,inf,inf,inf,False
cs_alpine,2,41,0.35,8.200000000000001,inf,inf,inf,False
cs_italy,8,159,0.35,31.8,inf,inf,inf,False
cs_office,86,1750,0.35,350.0,inf,0.5,inf,False
cs_shelter,7,140,0.35,28.0,inf,inf,inf,False
de_ancient,987,20523,0.4810536980749746,4104.6,0.4810536980749746,0.4810536980749746,0.4810536980749746,True
de_anubis,626,12930,0.5306709265175719,2586.0,0.5306709265175719,0.5306709265175719,0.5306709265175719,True
de_boulder,2,43,0.35,8.6,inf,inf,inf,False
de_cache,403,8191,0.4774193548387097,1638.2,0.4774193548387097,0.4774193548387097,0.4774193548387097,True
de_dust2,2395,49038,0.43169102296450934,9807.6,0.43169102296450934,0.43169102296450934,0.43169102296450934,True
de_fachwerk,3,66,0.3499999999999999,13.200000000000001,inf,inf,inf,False
de_golden,3,62,0.3499999999999999,12.4,inf,inf,inf,False
de_grail,4,79,0.35,15.8,inf,inf,inf,False
de_inferno,1166,24227,0.44086620926243564,4845.400000000001,0.44086620926243564,0.44086620926243564,0.44086620926243564,True
de_mirage,2482,50737,0.43039887187751813,10147.400000000001,0.43039887187751813,0.43039887187751813,0.43039887187751813,True
de_nuke,1159,24032,0.4240293356341674,4806.400000000001,0.4240293356341674,0.4240293356341674,0.4240293356341674,True
de_overpass,391,8180,0.4198209718670077,1636.0,0.4198209718670077,0.4198209718670077,0.4198209718670077,True
de_palacio,1,22,0.35,4.4,inf,inf,inf,False
de_stronghold,1,18,0.35,3.6,inf,inf,inf,False
de_train,159,3171,0.35,634.2,0.660377358490566,0.35,0.660377358490566,False
de_vertigo,143,2870,0.36363636363636365,574.0,0.7628734901462174,0.36363636363636365,0.7628734901462174,False
de_warden,10,198,0.35,39.6,inf,inf,inf,False
