match_id,missing_status_columns,snapshots,rows,seconds,tick_rate,alive_share,stale_median,stale_p99,stale_max,other_round_share,event_share,leakage_check_ok
b4a7ab1b-c6f4-41ab-b90d-27783aa1ad81,,2851,28510,0.582,64,0.6437390389337074,0.0,0.0,0.0,0.009750964573833742,0.3384777271132936,True
af89ec47-0dca-4499-b314-5dcaf2bff8b3,,2186,21860,0.364,64,0.7376486733760292,0.0,0.0,0.0,0.009377859103385178,0.3696248856358646,True
eef8a7f8-fdc9-4577-8e4a-5c50543f98b0,,2044,20440,0.376,64,0.7254892367906066,0.0,0.0,0.0,0.0,0.3679060665362035,True
2b78c135-196a-44d2-89ea-e90f9674987a,,2083,20830,0.392,64,0.6558329332693231,0.0,0.0,0.0,0.0,0.34373499759961595,True
2ab2cbe0-3448-4e66-89c7-e2a6b7c3ea5d,,2276,22760,0.646,64,0.6687170474516696,0.0,0.0,0.0,0.009666080843585237,0.3655536028119508,True
920407dc-63bd-4c44-8c6d-1c00cc827f58,,2512,25120,0.35,64,0.6070859872611465,0.0,0.0,1.0,0.0,0.321656050955414,True
507359ab-471e-46b2-ab29-3f8d66da6237,,2114,21140,0.328,64,0.6413434247871334,0.0,0.0,0.0,0.0,0.35714285714285715,True
21531c2a-2512-4694-b1cc-1179f5e86920,,2366,23660,0.443,64,0.6653846153846154,0.0,0.0,0.0,0.0,0.3516483516483517,True
c6ce51fc-f40c-4ace-8a87-e1a82d6bb57f,,2197,21970,0.606,64,0.6797451069640419,0.0,0.0,0.0,0.0,0.44060081929904416,True
0ecfb733-7ce2-4920-9556-e11eeeb5d52b,,3059,30590,0.493,64,0.6858450474011115,0.0,0.0,0.0,0.0,0.34423014056881335,True
543f9f0d-eaf3-4a5c-a3fa-f1a4ea58ca08,,2048,20480,0.341,64,0.721630859375,0.0,0.0,0.0,0.098828125,0.34326171875,True
b1417843-6058-4d5d-a24c-276dcb1fbd7d,,2495,24950,0.426,64,0.722565130260521,0.0,0.0,0.0,0.0,0.34789579158316636,True
2f9b0201-7cd1-4855-a7c8-d5d1fbff8587,,2867,28670,0.656,64,0.6786885245901639,0.0,0.0,0.0,0.0,0.3439134984304151,True
6fe922de-98a1-4e1f-a359-7f4e9e5a49d7,,2841,28410,0.409,64,0.665258711721225,0.0,0.0,2.0,0.0,0.3428370292150651,True
e8769b76-aae6-4c7b-8e36-d4d80d53d156,,1817,18170,0.328,64,0.6809576224545955,0.0,0.0,0.0,0.0,0.39735828288387454,True
dd91f19f-1d9e-4eb0-aefe-2e718d1a0a8b,,2314,23140,0.315,64,0.6466292134831461,0.0,0.0,0.0,0.0,0.3647363872082973,True
08bd01aa-67e2-43d1-9e22-d2136103aa25,,2000,20000,0.586,64,0.65535,0.0,0.0,0.0,0.0,0.359,True
0835ca92-d088-4a6a-a56f-562aacf14f82,,2084,20840,0.418,64,0.7622840690978887,0.0,0.0,0.0,0.09856046065259116,0.4088291746641075,True
d363aec7-ac38-422f-9581-ffc2b84e3494,,2864,28640,0.431,64,0.6448673184357542,0.0,0.0,0.0,0.0,0.36662011173184356,True
314b10b0-88f4-4a9a-8279-15fd52e1443b,,2514,25140,0.377,64,0.6891805887032617,0.0,0.0,0.0,0.03922036595067621,0.34089101034208436,True
3f6b148f-d986-4285-b4fd-3b3a63ab4ab9,,1952,19520,0.533,64,0.6856045081967214,0.0,0.0,0.0,0.0,0.3673155737704918,True
2d1e136b-0fbc-4d06-bd8a-751144636045,,2481,24810,0.39,64,0.6598952035469569,0.0,0.0,0.0,0.0,0.36275695284159615,True
1591bc86-5d47-48c3-acee-eafce4e3be61,,2528,25280,0.312,64,0.6993670886075949,0.0,0.0,0.0,0.0,0.3449367088607595,True
7cad91b4-6988-4db1-914f-d065910c8701,,2510,25100,0.37,64,0.7082470119521912,0.0,0.0,0.0,0.005099601593625498,0.3430278884462151,True
c2563bab-6a6d-4183-90db-8d5350c74c74,,2262,22620,0.561,64,0.6748894783377541,0.0,0.0,0.0,0.010477453580901857,0.35234305923961096,True
e699056f-b268-493d-8083-6872d2ea8efe,,2320,23200,0.422,64,0.6844396551724138,0.0,0.0,0.0,0.0,0.41120689655172415,True
0672f235-ddb9-4153-b8b0-89058c19a0ed,,2524,25240,0.394,64,0.6655705229793978,0.0,0.0,0.0,0.0,0.36806656101426305,True
3e4153c8-6584-4d19-87b5-84021b29c677,,1214,12140,0.293,64,0.7345963756177925,0.0,0.0,0.0,0.0,0.37397034596375617,True
4d5ca920-5774-4987-a346-86974d2eac84,,2278,22780,0.572,64,0.694468832309043,0.0,0.0,0.0,0.0,0.3735733099209833,True
73b5e116-484d-4ad0-ba97-492cbbcd863f,,2458,24580,0.418,64,0.6742473555736371,0.0,0.0,0.0,0.0,0.34906427990235966,True
3527d7b5-6e81-42b3-87fc-3cf01fe13bd5,,1954,19540,0.353,64,0.6813203684749233,0.0,0.0,0.0,0.09437052200614125,0.33930399181166837,True
4307e7f7-d527-47a1-bc15-0767b0e8b2d4,,2785,27850,0.502,64,0.6417594254937163,0.0,0.0,0.0,0.0038420107719928185,0.37271095152603234,True
bb1d1781-8d9b-41f5-92fa-c331b4719f9d,,1397,13970,0.533,64,0.6858267716535433,0.0,0.0,0.0,0.011596277738010021,0.36506800286327845,True
7ba7c2ec-6388-4306-8ed5-f433f0cfd685,,2452,24520,0.38,64,0.6774469820554649,0.0,0.0,1.0,0.0,0.3107667210440457,True
709ac0b9-0d24-49b2-a5d2-ce2eafb1e9a6,,2540,25400,0.441,64,0.6599606299212598,0.0,0.0,0.0,0.0,0.36299212598425196,True
d1045c66-6f8a-4042-8c7b-23564a4b8a25,,1620,16200,0.259,64,0.6837037037037037,0.0,0.0,0.0,0.0,0.36666666666666664,True
508c96e6-d9a8-4119-a849-e4ec17e3b077,,2311,23110,0.631,64,0.6791864993509303,0.0,0.0,1.0,0.0,0.31631328429251404,True
f115e973-d9d4-4706-8538-06101ba3d327,,2773,27730,0.46,64,0.6704291381175622,0.0,0.0,0.0,0.0,0.3754056978002164,True
09fd3a86-4ac1-4701-9e35-fc79906f874b,,2092,20920,0.397,64,0.626529636711281,0.0,0.0,0.0,0.0,0.3475143403441683,True
ab2e68ab-96e1-4be8-aeb2-1180823ead21,,1245,12450,0.264,64,0.7299598393574297,0.0,0.0,1.0,0.05172690763052209,0.3453815261044177,True
936128f3-15cd-45bf-aa65-892cb9b178f0,,1617,16170,0.55,64,0.7034013605442176,0.0,0.0,0.0,0.0,0.3525046382189239,True
095a44ff-d8da-4135-9745-261f535c2cdd,,1779,17790,0.338,64,0.654637436762226,0.0,0.0,0.0,0.02304665542439573,0.3378302417088252,True
960ff898-26a8-4d41-9cc6-10838cc99f46,,2374,23740,0.408,64,0.6580876158382477,0.0,0.0,0.0,0.0,0.35004212299915755,True
5837a8cb-8b1d-42ca-9a9a-dcd19a4225c3,,2526,25260,0.469,64,0.7095803642121932,0.0,0.0,0.0,0.07929532858273951,0.3503562945368171,True
0941db99-d7b0-49d3-95aa-092764f8e2fb,,1907,19070,0.582,64,0.6682223387519665,0.0,0.0,0.0,0.0,0.40115364446775037,True
2d3052d8-c024-4f09-b99d-dfb6ab0a277b,,2019,20190,0.399,64,0.6840515106488361,0.0,0.0,0.0,0.0,0.38236750866765723,True
5b5eab25-f206-41e1-9426-cf02b5afcc98,,2593,25930,0.418,64,0.6761666023910529,0.0,0.0,0.0,0.0,0.3717701504049364,True
18a2a265-bbd5-4ace-b4af-cc1718454cf0,,2293,22930,0.384,64,0.6720017444395988,0.0,0.0,1.0,0.0,0.40165721761883993,True
8489ac17-7209-4137-bd48-52c1a5af4620,,2874,28740,0.471,64,0.6680584551148225,0.0,0.0,0.0,0.0,0.40535838552540016,True
aef6aa0f-1453-488c-92f8-8b20e0db9ed3,,1899,18990,0.377,64,0.74913112164297,0.0,0.0,0.0,0.029647182727751447,0.33228014744602424,True
2c55e321-21d6-46a1-a3b9-1a024ca1c26d,,2532,25320,0.442,64,0.6631516587677725,0.0,0.0,0.0,0.0,0.3807266982622433,True
b8b363ff-a560-46a0-8275-025ad2382ab4,,1396,13960,0.321,64,0.671704871060172,0.0,0.0,0.0,0.0,0.3144699140401146,True
021b1b7b-af50-4334-a56f-f9062444a556,,2667,26670,0.511,64,0.6337457817772778,0.0,0.0,0.0,0.005474315710536183,0.3355830521184852,True
f24a9ce0-034f-4907-8f9b-11d20a057500,,2688,26880,0.433,64,0.7348958333333333,0.0,0.0,0.0,0.0,0.4226190476190476,True
83e9a8e8-301a-4c27-8dcc-dc21b8936f3c,,1735,17185,0.268,64,0.6395693919115508,0.0,0.0,0.0,0.022112307244690137,0.3112391930835735,True
c26c1d84-4f22-46c7-9053-f6b2a94624f2,,2576,25760,0.49,64,0.7164984472049689,0.0,0.0,0.0,0.0812888198757764,0.32142857142857145,True
d58734d1-9d6f-4280-ae7d-0cfcf7c419f8,,2452,24520,0.405,64,0.6443311582381729,0.0,0.0,0.0,0.0,0.37153344208809136,True
5f00e688-215a-4662-9b5d-024603e782d4,,1762,17620,0.3,64,0.7186719636776391,0.0,0.0,1.0,0.05488081725312145,0.33938706015891035,True
3c65b968-8b0e-4c75-bf17-9b7d4e29ee14,,2378,23780,0.392,64,0.6710681244743482,0.0,0.0,0.0,0.0,0.39781328847771236,True
03f2d9c6-0428-40b1-9ac2-b92a8e67ee88,,2511,25110,0.413,64,0.6910394265232975,0.0,0.0,0.0,0.024452409398645958,0.3739545997610514,True
21419435-0c2a-4654-8948-7ec39e454de5,,1784,17840,0.296,64,0.6719730941704036,0.0,0.0,0.0,0.0,0.3660313901345291,True
f823757b-6e37-4e98-80a7-69f66dcddd44,,637,6370,0.199,64,0.7514913657770801,0.0,0.0,0.0,0.0,0.315541601255887,True
e88ec670-f792-4116-9af8-5900864a61a7,,2395,23950,0.372,64,0.6901043841336116,0.0,0.0,0.0,0.009269311064718164,0.3302713987473904,True
08470413-6266-4801-96f4-832d3c5cd1f0,,2436,24360,0.385,64,0.6469211822660098,0.0,0.0,0.0,0.0,0.42857142857142855,True
f200b67d-001b-4e36-b5c8-53ae1c864f1c,,3081,30810,0.545,64,0.7149626744563453,0.0,0.0,0.0,0.0,0.38493995456020774,True
6c0faad5-9977-4b1e-aca8-842075e0840d,,2321,23210,0.401,64,0.6566996984058595,0.0,0.0,0.0,0.0,0.3825937096079276,True
efdb7843-f196-4ed8-9c50-3ccbf7d01211,,1475,14750,0.263,64,0.6062372881355932,0.0,0.0,0.0,0.0,0.3606779661016949,True
0a125df3-ce2f-4241-9342-d33aac920af8,,2566,25660,0.494,64,0.7243959469992206,0.0,0.0,0.0,0.0,0.37918939984411537,True
adb8d59a-753c-4639-b3d6-38a17987ff39,,2087,20870,0.303,64,0.6694298035457594,0.0,0.0,0.0,0.0,0.38380450407283184,True
395cd2db-624d-40e9-a214-a2cd431626ef,,2889,28890,0.495,64,0.7062997577016269,0.0,0.0,0.0,0.0,0.3547940463828314,True
62d147e6-fc40-4ec1-a00d-7dbb058a0e70,,2482,24820,0.429,64,0.6895245769540693,0.0,0.0,0.0,0.0,0.38477034649476227,True
3565f114-a67f-4e96-85ca-cc1cd57c233a,,2601,26010,0.416,64,0.6616685890042291,0.0,0.0,0.0,0.0,0.3629373317954633,True
2dcb7ef8-4654-41ce-ab38-d21e659ef343,,1897,18970,0.272,64,0.6917764891934634,0.0,0.0,0.0,0.0,0.34528202424881393,True
f904cd92-5037-49b6-96ec-777c02d1112a,,1838,18380,0.312,64,0.6513601741022851,0.0,0.0,0.0,0.0,0.3628944504896627,True
d4436ff8-20a7-4870-8f99-ff0645da3b1d,,1376,13760,0.282,64,0.6972383720930233,0.0,0.0,0.0,0.03502906976744186,0.3633720930232558,True
0ea39306-76ae-426c-ae56-b97f66870b64,,2392,23920,0.374,64,0.6903428093645485,0.0,0.0,0.0,0.0,0.3795986622073579,True
6558e1c4-0b84-4aef-b18c-4e9f799cc8c1,,3430,34300,0.492,64,0.6624198250728863,0.0,0.0,0.0,0.0,0.31486880466472306,True
ccb90286-4d05-4273-b07a-b370bdce7369,,2314,23140,0.338,64,0.6732497839239412,0.0,0.0,0.0,0.0,0.36949006050129646,True
0f6d8ae4-4fd6-45cc-8f39-63742be4b68a,,1460,14600,0.296,64,0.7317808219178082,0.0,0.0,0.0,0.0,0.4246575342465753,True
5316ed2f-7d9d-487c-89ca-869a64cb3471,,2232,22320,0.395,64,0.6514784946236559,0.0,0.0,3.0,0.0,0.3588709677419355,True
cc58c388-f535-4fde-bd6b-939d611501e2,,1919,19190,0.34,64,0.679833246482543,0.0,0.0,1.0,0.0,0.4106305367378843,True
f2afe3b1-5249-41dd-88ff-5ca6679e6dde,,2367,23670,0.401,64,0.6346430080270384,0.0,0.0,0.0,0.0,0.37558090409801437,True
cb5dfe9f-b60a-440b-89ea-bb0b93fb9324,,2601,26010,0.444,64,0.6938485198000769,0.0,0.0,0.0,0.0,0.4144559784698193,True
813de473-ae05-4fe1-ba75-98a673559ee0,,2384,23840,0.347,64,0.6550335570469799,0.0,0.0,0.0,0.0,0.42197986577181207,True
ea290cdc-7e07-413b-b5ef-214661a40d85,,2081,20810,0.334,64,0.6396444017299375,0.0,0.0,1.0,0.0,0.3512734262373859,True
3f228cc2-8b96-4abb-a3b6-6dbb3d19d31b,,2648,26480,0.376,64,0.697129909365559,0.0,0.0,0.0,0.033157099697885196,0.3561178247734139,True
fb1f9056-dc3d-4a12-b87a-6ff94e47830d,,2544,25440,0.483,64,0.6665094339622641,0.0,0.0,0.0,0.005306603773584905,0.342374213836478,True
4ffc08dc-bea5-4163-a7a1-b95b4423e9b7,,2804,28040,0.403,64,0.6963980028530671,0.0,0.0,0.0,0.02072039942938659,0.33487874465049927,True
af74d501-652c-4c2c-8761-ec2cbea5854a,,3784,37840,0.583,64,0.6970401691331924,0.0,0.0,0.0,0.0,0.35306553911205074,True
b734a197-513a-4bf0-b245-bd4b90a58969,,3261,32610,0.548,64,0.7229684145967494,0.0,0.0,0.0,0.0,0.3646120821833793,True
a850d451-3ad4-4a05-ae58-f7f340d371cb,,2279,22790,0.336,64,0.6585783238262396,0.0,0.0,0.0,0.0,0.3777972795085564,True
2b846f12-0baf-4562-8cff-97019b6ec74a,,3286,32860,0.516,64,0.6978393183201461,0.0,0.0,0.0,0.0,0.3213633597078515,True
99b3938a-331e-4da4-bbbf-28e1f983b8d2,,3562,35620,0.382,64,0.6288882650196519,0.0,0.0,0.0,0.0,0.39191465468837733,True
03355a33-3014-4478-9c44-266415b8a85a,,1679,16790,0.31,64,0.6530077427039904,0.0,0.0,0.0,0.0,0.3103037522334723,True
a9806852-f3c6-4f50-a22e-59ff99610a9b,,1824,18240,0.265,64,0.6831688596491228,0.0,0.0,1.0,0.0,0.4336622807017544,True
036f9e37-544b-47ff-aa27-3164d3c8fb24,,1987,19870,0.36,64,0.7007549068948163,0.0,0.0,0.0,0.0,0.3598389531957725,True
ad23760c-7ed9-4144-8af3-944a5dced53a,,2219,22190,0.423,64,0.6434880576836413,0.0,0.0,0.0,0.0,0.34970707525912575,True
0cca54ba-96fc-4f1c-9d68-441da28d28b3,,2275,22750,0.355,64,0.6635164835164835,0.0,0.0,1.0,0.0,0.4369230769230769,True
4ddb39b2-98ce-4cec-b3bf-1922dca52af8,,2873,28730,0.399,64,0.6858684302123216,0.0,0.0,0.0,0.0,0.3947093630351549,True
32887fa8-d5eb-4d10-ad3a-6d522d73836a,,1723,17230,0.324,64,0.6863609982588509,0.0,0.0,1.0,0.0,0.371445153801509,True
9102b1ea-9584-49ba-a0bc-48412c03e31e,,1956,19560,0.298,64,0.7049591002044989,0.0,0.0,0.0,0.0,0.4176891615541922,True
3a1b51fc-4b5c-4a24-b18e-e01f003334c6,,2398,23980,0.335,64,0.6487072560467055,0.0,0.0,0.0,0.0,0.3548790658882402,True
5e9cf9b0-0b6c-483b-994c-5f4e0badaca2,,2539,25390,0.438,64,0.6531705395825128,0.0,0.0,0.0,0.005789680976762505,0.3442300118156755,True
6d4aa256-606a-42a8-becd-e20103e99643,,2516,25160,0.38,64,0.6786565977742448,0.0,0.0,0.0,0.0,0.428060413354531,True
61515f0d-31c3-4352-9676-ddfa1775bb3b,,2875,28750,0.412,64,0.6839652173913043,0.0,0.0,0.0,0.0,0.3857391304347826,True
4d38576f-f688-4269-bc1f-48683e01c694,,2631,26310,0.455,64,0.6746484226529836,0.0,0.0,0.0,0.0,0.339034587609274,True
7fc2f280-e029-4a53-9de2-682e5b250b6b,,2367,23670,0.386,64,0.653654414871145,0.0,0.0,0.0,0.0,0.3996620194338826,True
61e5f487-01e4-4477-a6b7-0af5b9c03524,,2976,29760,0.44,64,0.6798387096774193,0.0,0.0,0.0,0.058333333333333334,0.30981182795698925,True
c3eaab41-9bf8-4b51-9bd8-8b41ec56a369,,2666,26660,0.489,64,0.7043135783945986,0.0,0.0,0.0,0.0,0.3709677419354839,True
dcf4194b-0d30-4b66-a784-421ef2d342d0,,2547,25470,0.372,64,0.6690223792697291,0.0,0.0,1.0,0.005810757754220652,0.35060855908912447,True
71f4af6c-219e-449d-9834-0ec39120071c,,1854,18540,0.321,64,0.6756202804746494,0.0,0.0,0.0,0.0,0.30312837108953616,True
5de67950-efdf-45d3-9df6-0aad6b03811e,,1642,16420,0.336,64,0.6511571254567601,0.0,0.0,1.0,0.0,0.3745432399512789,True
fa4ed387-de5c-4961-bae4-0f6477334fd9,,2465,24650,0.316,64,0.6733874239350913,0.0,0.0,0.0,0.0,0.3764705882352941,True
0cbdc1c2-a6fd-4f41-9f1c-2a2f2c05f85b,,1480,14800,0.319,64,0.6570945945945946,0.0,0.0,0.0,0.0,0.3439189189189189,True
38639006-0245-4866-8659-ae86130d8ea6,,2441,24410,0.441,64,0.6833674723473986,0.0,0.0,0.0,0.014584186808684965,0.31257681278164684,True
07cd24a2-254a-4f39-9b8a-ff3b148b5d9d,,1272,12720,0.283,64,0.6856918238993711,0.0,0.0,0.0,0.0,0.38757861635220126,True
6c4c47c5-d641-4671-8804-ad8d05b8eced,,1311,13110,0.265,64,0.7170099160945843,0.0,0.0,0.0,0.042944317315026695,0.34782608695652173,True
9cfd7a12-6c20-46f0-b6c7-77b976699337,,1720,17200,0.334,64,0.6920348837209302,0.0,0.0,0.0,0.0,0.3808139534883721,True
727377cb-303e-41be-af9a-d0840c72d940,,3264,32640,0.493,64,0.6583639705882353,0.0,0.0,0.0,0.0,0.36856617647058826,True
fd5efaf8-9723-41e4-bcd6-e9dd7fe1615c,,2248,22480,0.335,64,0.736432384341637,0.0,0.0,0.0,0.007384341637010676,0.4128113879003559,True
3c9d6a32-0ab8-4693-9ca1-3c2ea1a14596,,1688,16880,0.295,64,0.6923578199052133,0.0,0.0,0.0,0.0,0.4052132701421801,True
c55a1d74-4077-4b7e-9a51-01db9f71c47d,,1994,19940,0.419,64,0.6694583751253761,0.0,1.0,1.0,0.0,0.4037111334002006,True
2e740bf1-72c5-4ec8-93a4-1d3a569a4f71,,2826,28260,0.47,64,0.6737791932059448,0.0,0.0,0.0,0.013163481953290871,0.3722576079263977,True
a271f7f3-e5ca-47b1-986d-def714831640,,2729,27290,0.381,64,0.6456943935507512,0.0,0.0,0.0,0.0,0.32869182850861123,True
d637521d-e7e0-4cc1-a7eb-0bb4317b55d0,,3105,31050,0.481,64,0.6476006441223833,0.0,0.0,0.0,0.0,0.36328502415458935,True
e5ba78e0-6648-415a-b96c-23289f22232b,,2775,27750,0.423,64,0.7323603603603603,0.0,0.0,1.0,0.0023423423423423423,0.3715315315315315,True
9cdbbf58-189e-4a62-bab8-5763817f3b71,,2031,20310,0.349,64,0.6785327424913835,0.0,0.0,0.0,0.0,0.4012801575578533,True
aa661b84-4b51-4986-b57e-d2b5f8e02550,,1233,12330,0.294,64,0.7155717761557178,0.0,0.0,0.0,0.0,0.3057583130575831,True
30039fa5-56c0-45c6-89f6-4ff9bf513321,,2478,24780,0.403,64,0.7006456820016143,0.0,0.0,0.0,0.0,0.3728813559322034,True
6587c262-3b88-449f-b54c-f1822434b5ce,,1782,17820,0.403,64,0.6902918069584736,0.0,0.0,0.0,0.021773288439955105,0.3439955106621773,True
b4c02b29-29fd-40b7-a55d-8590465f8a5c,,2896,28960,0.473,64,0.6536602209944752,0.0,0.0,0.0,0.0,0.3926104972375691,True
06d51897-48af-4466-902c-7ba08b8dca78,,2604,26040,0.434,64,0.7509984639016897,0.0,0.0,0.0,0.0,0.36904761904761907,True
a440e2a7-25ab-4abf-861b-5a7d7c1aeb4b,,2021,20210,0.348,64,0.6599703117268679,0.0,0.0,1.0,0.0,0.38050470064324593,True
7937367b-fb4e-4684-a40d-f8cb9a98ba27,,2152,21520,0.315,64,0.7013475836431227,0.0,0.0,0.0,0.0,0.3382899628252788,True
88775187-8380-433f-8e31-6a1f8ba68bc2,,1820,18200,0.331,64,0.6733516483516484,0.0,0.0,0.0,0.008901098901098902,0.36153846153846153,True
1ba0b9e9-4b44-4485-a849-8ccb6d2deba4,,2248,22480,0.321,64,0.7018683274021352,0.0,0.0,4.0,0.0,0.3861209964412811,True
7d84c29a-8e09-4efa-a063-d716baf75e16,,1957,19570,0.328,64,0.7195196729688298,0.0,0.0,534.0,0.029432805314256516,0.3760858456821666,True
d69b175c-fe6d-4cb8-af7c-15886537e85f,,2062,20620,0.382,64,0.7646459747817653,0.0,0.0,0.0,0.0015033947623666344,0.38263821532492726,True
4b695fef-2080-481e-b536-f73bcc271a29,,2643,26430,0.391,64,0.6831252364737042,0.0,0.0,0.0,0.0,0.3866818009837306,True
49ca222b-964d-4644-98e9-a6487d1c1662,,1629,16290,0.283,64,0.7522406384284838,0.0,0.0,0.0,0.005033763044812768,0.33947206875383673,True
63edbdce-9f8d-4752-97af-eb6bab2ba7e3,,2603,26030,0.335,64,0.6892815981559739,0.0,0.0,0.0,0.0,0.40145985401459855,True
a8fc30f7-150e-4f4a-b342-637f01724caa,,2177,21770,0.369,64,0.6480477721635278,0.0,0.0,0.0,0.0,0.37390904915020673,True
2ddd2902-0fa4-47de-836d-1da72c475958,,1952,19520,0.285,64,0.6355532786885246,0.0,0.0,0.0,0.0,0.4287909836065574,True
ae116ea6-5cee-47c5-900e-c991ecddd5a8,,2886,28860,0.416,64,0.6487525987525987,0.0,0.0,0.0,0.0,0.3194733194733195,True
b9a7a6bc-da3f-4857-8b89-5fb6c89de926,,2535,25350,0.423,64,0.7012228796844181,0.0,0.0,1.0,0.0536094674556213,0.31715976331360946,True
f0e4bc46-5c08-4b29-9f7a-126a04c42991,,2536,25360,0.402,64,0.6983044164037855,0.0,0.0,0.0,0.0,0.4057570977917981,True
d2ed6e6c-f4dd-4882-a4ef-cc245236a0a5,,2741,27410,0.479,64,0.6554542137905873,0.0,0.0,0.0,0.0,0.37905873768697557,True
5c14cce9-51ad-47b1-bd99-7b09bc318e55,,3275,32750,0.448,64,0.6471450381679389,0.0,0.0,1.0,0.0,0.3716030534351145,True
2016a8f3-0b94-480a-8cf8-bd951d30993e,,3048,30480,0.428,64,0.6668635170603675,0.0,0.0,0.0,0.0,0.3677821522309711,True
01402f7d-d220-4d40-952d-3727838f27a1,,3736,37360,0.472,64,0.6768201284796573,0.0,0.0,0.0,0.0,0.36964668094218417,True
7377c649-d81b-4f5c-99fd-28c1d152281c,,4208,42080,0.544,64,0.6820104562737642,0.0,0.0,1.0,0.0,0.33911596958174905,True
44b13fc5-5e3e-455d-8364-f545084b7864,,1817,18170,0.333,64,0.6488717666483214,0.0,0.0,0.0,0.0,0.37534397358282884,True
c3a18ea8-bdd6-4a16-a217-14c2e9527f39,,2859,28590,0.364,64,0.7183630640083946,0.0,0.0,0.0,0.0,0.36341378104232247,True
619c48ba-49a3-4636-a57b-01efac211213,,2004,20040,0.383,64,0.7182634730538923,0.0,0.0,0.0,0.0,0.4291417165668663,True
cc8fd2f0-d200-4efc-8c77-c721bb18cd2c,,2439,24390,0.331,64,0.6649446494464945,0.0,0.0,0.0,0.01783517835178352,0.35424354243542433,True
f1f91815-59f5-4134-9aa3-c024da6409a2,,2302,23020,0.397,64,0.6888357949609035,0.0,0.0,0.0,0.0,0.34057341442224154,True
a3300a99-4030-4f02-b204-7c2ce7066992,,2452,24520,0.373,64,0.7033442088091354,0.0,0.0,0.0,0.0,0.32871125611745516,True
68af3580-c68e-4e46-9cac-683534d6a42c,,1779,17790,0.274,64,0.7117481731309725,0.0,0.0,1.0,0.0,0.3316469926925239,True
78460f2c-4af8-4ff3-a01f-6f0fb68e5e3b,,649,6490,0.211,64,0.8095531587057011,0.0,0.0,0.0,0.07334360554699537,0.3913713405238829,True
eca3cf66-3554-4dda-8315-d203d7599ccb,,2796,27960,0.4,64,0.6491058655221745,0.0,0.0,0.0,0.0,0.38590844062947066,True
3678452b-0139-488e-b898-de9cd7722f0c,,1467,14670,0.265,64,0.6438991138377641,0.0,0.0,0.0,0.0,0.3769597818677573,True
0f48f1cc-0ecf-4e36-b5e9-83c62ff5c115,,2594,25940,0.428,64,0.6497301464919044,0.0,0.0,0.0,0.0,0.40053970701619124,True
9432ebda-c4f4-43d9-8df6-f67577c4e324,,1410,14100,0.245,64,0.7243971631205673,0.0,0.0,0.0,0.0,0.4418439716312057,True
2ec9357e-f598-40c4-ba9f-618f9a5e265a,,2861,28610,0.491,64,0.6556099265990912,0.0,0.0,0.0,0.0,0.388675288360713,True
973ed211-2115-4cfe-ab3b-f359c134c7ba,,2082,20820,0.324,64,0.6478866474543707,0.0,0.0,0.0,0.020941402497598464,0.3554274735830932,True
6608b00d-9c4b-4da9-80d2-bb7912edc9d4,,1480,14800,0.334,64,0.7003378378378379,0.0,0.0,0.0,0.0,0.3945945945945946,True
9c41b561-0004-4411-8dee-da40c871c54d,,1242,12420,0.249,64,0.7161030595813205,0.0,0.0,0.0,0.0,0.43800322061191627,True
107270db-ab36-4036-905f-7685b6302011,,1904,19040,0.362,64,0.7270483193277311,0.0,0.0,0.0,0.0,0.40441176470588236,True
8d0848ab-d14c-45bb-9e30-b218dfd8f4ef,,1999,19990,0.337,64,0.638919459729865,0.0,0.0,0.0,0.0,0.3281640820410205,True
b7516902-34c2-4ed7-8eaf-6a33f1f44882,,2384,23840,0.403,64,0.6447986577181208,0.0,0.0,0.0,0.0,0.30788590604026844,True
5d15c407-5033-4236-8e5c-e5de3f299d61,,2874,28740,0.403,64,0.6731036882393876,0.0,0.0,0.0,0.010751565762004176,0.3649965205288796,True
702383e7-206c-47f3-a134-ee5d16fca73b,,2832,28320,0.511,64,0.7193502824858757,0.0,0.0,0.0,0.0,0.3513418079096045,True
b8a4201c-3ab1-49f6-abdf-b9583e732df5,,3489,34890,0.468,64,0.6963599885353969,0.0,0.0,1.0,0.07357408999713384,0.3413585554600172,True
99f93039-2a7d-4474-91be-02b48276538c,,2392,23920,0.385,64,0.6297658862876254,0.0,0.0,0.0,0.0,0.3867056856187291,True
5e33323d-aadb-4dfe-958d-53e1cdbb1a21,,2901,29010,0.49,64,0.6803860737676664,0.0,0.0,0.0,0.019924164081351257,0.3698724577731817,True
aa73294d-b002-4e67-80df-bda999d4112b,,2395,23950,0.425,64,0.7289352818371607,0.0,0.0,0.0,0.12417536534446764,0.33528183716075155,True
b3346349-a64c-47aa-9b0f-64ff83d60df9,,1489,14890,0.296,64,0.6768972464741437,0.0,0.0,0.0,0.0,0.3653458697112156,True
d10f2076-d5d4-48ca-9c33-5e8bc404fe82,,2273,22730,0.366,64,0.6441706995160581,0.0,0.0,0.0,0.0,0.3792344918609767,True
c6571d4d-7881-4e07-b79e-b8cef4b050f2,,2273,22730,0.4,64,0.6573251209854818,0.0,0.0,0.0,0.0,0.3638363396392433,True
4fab9e77-afc2-4ba5-9c0b-4e6d98d31af5,,2067,20670,0.44,64,0.6578132559264634,0.0,0.0,0.0,0.00382196419932269,0.39332365747460085,True
015c7be9-8ddd-4df6-9692-4cb5931d93c0,,2204,22040,0.258,64,0.6455989110707804,0.0,0.0,0.0,0.004491833030852994,0.3407441016333938,True
be4ec324-2d3c-4664-b3b4-6a1729fc0b53,,3579,35790,0.508,64,0.67957530036323,0.0,0.0,3.0,0.0,0.3623917295333892,True
72b37e04-6e49-4749-9941-bed7fb8159dd,,2600,26000,0.449,64,0.6617307692307692,0.0,0.0,0.0,0.0,0.3261538461538461,True
2c9098d5-1233-44b3-9903-18ddab40a8ae,,1904,19040,0.386,64,0.6746323529411765,0.0,0.0,0.0,0.0,0.44590336134453784,True
3c801348-44fb-42cb-b6af-083676f75e44,,1565,15650,0.344,64,0.6697124600638977,0.0,0.0,0.0,0.0,0.35654952076677315,True
bd29b9a4-e7e9-4bde-a2c8-72d59e968da7,,2570,25700,0.463,64,0.6407782101167315,0.0,0.0,2.0,0.0,0.3490272373540856,True
bdf44fb6-f8f6-451d-8526-36838209ca58,,1310,13100,0.197,64,0.694732824427481,0.0,0.0,0.0,0.0,0.42900763358778626,True
b515d6c6-a249-44a0-b112-f6fa7a009b72,,3234,32340,0.537,64,0.6530612244897959,0.0,0.0,0.0,0.0,0.3654916512059369,True
608f7aa6-74d9-4329-8706-854dacbc64fe,,2183,21830,0.389,64,0.5980760421438388,0.0,0.0,1.0,0.0,0.3147045350435181,True
59b2e6d7-ecd0-4a19-b9d6-ee3a6cd8432f,,3530,35300,0.603,64,0.6751558073654391,0.0,0.0,0.0,0.0,0.3858356940509915,True
9076f1a8-7e74-4e47-99d6-ee51a4d8dba9,,2508,25080,0.422,64,0.6303827751196173,0.0,0.0,0.0,0.0,0.3524720893141946,True
a06d53e6-6906-4bac-b667-24ea6d9fc2ac,,2739,27390,0.407,64,0.6725812340270172,0.0,0.0,0.0,0.004417670682730923,0.3417305585980285,True
e0ad4bfb-84e7-4920-b1d9-622323a6818d,,3103,31030,0.493,64,0.6511762810183693,0.0,0.0,0.0,0.0,0.3793103448275862,True
6768a1d5-5697-4757-865a-5aa10b2c407a,,3459,34590,0.561,64,0.6863544376987568,0.0,0.0,0.0,0.0,0.3633998265394623,True
43a088ef-df96-469c-b60c-90338e196388,,2418,24180,0.36,64,0.7061621174524401,0.0,0.0,0.0,0.0,0.4106699751861042,True
17b3d600-e0ef-45c7-9b8c-8bbe6e84e2f1,,1993,19930,0.318,64,0.6395885599598595,0.0,0.0,0.0,0.0,0.3286502759658806,True
e91d0dcc-da0c-44be-b5bf-0c7d76e0e000,,2668,26680,0.507,64,0.6814092953523239,0.0,0.0,1.0,0.0,0.3823088455772114,True
68de7a32-8be9-4e64-aaa5-bab12f1e8c55,,2786,27860,0.504,64,0.7034816941852118,0.0,0.0,0.0,0.0,0.354989231873654,True
050054ea-33f7-49eb-9a55-c11f3e7e009c,,2602,26020,0.418,64,0.6867025365103766,0.0,0.0,0.0,0.0,0.40084550345887776,True
9810d8b7-6033-4a76-bfd7-36a539c5b36d,,2200,22000,0.336,64,0.7585909090909091,0.0,0.0,0.0,0.09868181818181818,0.3640909090909091,True
84f184a1-be67-4db0-8299-9222fa0ccb93,,2755,27550,0.439,64,0.651578947368421,0.0,0.0,2.0,0.0,0.3339382940108893,True
b30f6e3b-1161-40e8-ba08-1d6d46ebe873,,2030,20300,0.356,64,0.6682758620689655,0.0,0.0,0.0,0.0,0.38226600985221676,True
ed4cc59c-5df3-4b5f-a2ef-1a5003052c99,,2538,25380,0.347,64,0.6576438140267927,0.0,0.0,0.0,0.0,0.39282899921197795,True
b81061e3-30b4-49b5-aeea-5275259469fd,,3357,33570,0.461,64,0.6857015192135836,0.0,0.0,0.0,0.0,0.3312481382186476,True
6140531a-92a6-49c1-b103-66c5650c62e9,,2722,27220,0.468,64,0.7401542983100662,0.0,0.0,5.0,0.0,0.3589272593681117,True
4d953b60-6dd5-4cd9-b747-231b2eb13e17,,2718,27180,0.399,64,0.6763061074319352,0.0,0.0,0.0,0.0,0.3730684326710817,True
de9af895-850a-43d6-b73a-d024eded337f,,2436,24360,0.423,64,0.6599753694581281,0.0,0.0,0.0,0.0,0.3825944170771757,True
5ae804e7-77ba-499a-a8a2-f59173c98169,,2368,23680,0.363,64,0.6761402027027027,0.0,0.0,0.0,0.0,0.4214527027027027,True
e3c86861-c86b-457d-8999-5df71699bd89,,1654,16540,0.288,64,0.7208585247883917,0.0,0.0,0.0,0.0,0.3966142684401451,True
e4a2c4b6-5221-4861-8660-591e06328a68,,1731,17310,0.364,64,0.7380127094165222,0.0,0.0,0.0,0.029231658001155403,0.4032351242056615,True
d372fccc-4d65-419e-9926-d9999adfd0d9,,2630,26300,0.457,64,0.6642965779467681,0.0,0.0,0.0,0.0,0.3517110266159696,True
c1c48684-ee5b-46ad-9645-aaa3f021f3e4,,2088,20880,0.355,64,0.6678639846743295,0.0,0.0,0.0,0.04626436781609195,0.4003831417624521,True
8dd9b6f4-af79-43a6-9d90-6ea6c9d2fe80,,2427,24270,0.425,64,0.7189122373300371,0.0,0.0,1.0,0.029130613926658427,0.33910177173465184,True
bfc74cf1-6fe4-4f6e-a548-1d90892f4bc1,,2313,23130,0.355,64,0.6747081712062257,0.0,0.0,0.0,0.0,0.35754431474275833,True
96823d34-e980-4b32-ba8a-0d8772c4dc6a,,2717,27170,0.437,64,0.6629738682370261,0.0,0.0,0.0,0.0,0.3117408906882591,True
b8db29f6-5352-4f8f-89fe-5a9aa59e9a70,,2369,23690,0.398,64,0.6671169269734065,0.0,0.0,0.0,0.0,0.3710426340227944,True
f4301634-1b5a-4323-8c97-2fdaca5ddba6,,1357,13570,0.231,64,0.6741341193809874,0.0,0.0,0.0,0.0,0.37361827560795874,True
3f9de5e0-696c-4cf1-8ddc-9c70fdff8db9,,3535,35350,0.568,64,0.6785855728429986,0.0,0.0,1.0,0.0,0.3688826025459689,True
b700209d-1dbf-4c0f-b649-d96874b5f447,,1498,14980,0.324,64,0.723497997329773,0.0,0.0,0.0,0.0,0.397196261682243,True
32dcccf9-3134-4886-9ca1-3512ec8ea35a,,2516,25160,0.424,64,0.678577106518283,0.0,0.0,0.0,0.0,0.3334658187599364,True
73ddf473-84ab-4a3c-99e8-67f74ae089f4,,2674,26740,0.416,64,0.7011593118922962,0.0,0.0,0.0,0.0,0.3324607329842932,True
1b19f7c6-7636-4694-ba23-fa2d0edefde6,,3366,33660,0.549,64,0.67174688057041,0.0,0.0,0.0,0.00404040404040404,0.3850267379679144,True
a7223130-2fbf-4ad8-8824-53114ef077f6,,2174,21740,0.349,64,0.6600735970561178,0.0,0.0,0.0,0.0,0.37442502299908004,True
d655d21e-e8ed-440a-ae78-7e8c4bd81b3f,,1854,18540,0.324,64,0.6735167206040993,0.0,0.0,0.0,0.005609492988133765,0.37971952535059333,True
4567a99d-fbc1-4735-aa04-a0cc5495042a,,2544,25440,0.4,64,0.6661163522012579,0.0,0.0,1.0,0.0,0.3753930817610063,True
ad82b8c8-c770-4baa-a62f-2a3045084589,,2381,23810,0.436,64,0.7024359512809744,0.0,0.0,0.0,0.0,0.3519529609407812,True
098213b9-c11d-498f-8352-6bbbc2dea739,,1984,19840,0.336,64,0.6971270161290323,0.0,0.0,0.0,0.003377016129032258,0.34526209677419356,True
6e1ce834-6d87-47fa-9225-375efa3f1997,,2237,22370,0.386,64,0.6763075547608404,0.0,0.0,0.0,0.019132767098793028,0.35851586946803754,True
03e3247a-da88-4127-b5e9-dd939ff8463d,,3234,32340,0.457,64,0.7456709956709957,0.0,0.0,0.0,0.08330241187384045,0.3305504019789734,True
b3090635-32ba-4559-87e3-aaaa615e2d05,,1522,15220,0.297,64,0.7297634691195795,0.0,0.0,0.0,0.03777923784494087,0.4014454664914586,True
f3d99abb-2e44-4162-80e7-aa4c2ee2a7f0,,1612,16120,0.35,64,0.6549627791563275,0.0,0.0,0.0,0.0,0.3715880893300248,True
5583dada-83e4-4557-9436-ce3d81ea4606,,2427,24270,0.339,64,0.6975690152451587,0.0,0.0,0.0,0.007086938607334157,0.36794396374124433,True
2610b0c6-6366-41d9-bd29-7b5d572310d1,,2323,23230,0.459,64,0.71041756349548,0.0,0.0,0.0,0.0,0.3788204907447266,True
dd750448-515c-4582-a51a-c1abdfa6a202,,1637,16370,0.267,64,0.6363469761759316,0.0,0.0,0.0,0.0,0.3298717165546732,True
035c9ad0-82d5-437b-9db5-34bd6f582ebb,,2082,20820,0.343,64,0.6690682036503363,0.0,0.0,0.0,0.0,0.3275696445725264,True
3772a728-3e7c-480f-a51d-b1c1e0c7a89f,,2409,24090,0.425,64,0.7109589041095891,0.0,0.0,0.0,0.0,0.34537152345371525,True
33819892-9243-46bb-9873-ca4766a1fedb,,2525,25250,0.45,64,0.6698217821782179,0.0,0.0,0.0,0.0,0.3473267326732673,True
ed4d761f-e6a7-4dd9-b5b1-0ff1c270eb3e,,2626,26260,0.408,64,0.7023990860624524,0.0,0.0,0.0,0.0,0.40022848438690023,True
dec2fe13-84e5-4813-88ef-f0783e44f47a,,2248,22480,0.343,64,0.6737989323843416,0.0,0.0,1.0,0.0,0.4092526690391459,True
156718a7-4a8e-45e7-9de7-8c305f69e45d,,2328,23280,0.323,64,0.6760738831615121,0.0,0.0,1.0,0.0,0.3320446735395189,True
3b35b77e-e4cc-4974-a566-0586c4451817,,2389,23890,0.348,64,0.6872750104646296,0.0,0.0,0.0,0.0,0.38216827124319797,True
5f738ffd-aee5-4a99-bafd-6399b89f0101,,2203,22030,0.317,64,0.6546527462551067,0.0,0.0,1.0,0.007943713118474808,0.3486155242850658,True
ff54913a-1e1c-4ba0-80c3-00ae40d8be86,,2227,22270,0.37,64,0.6668163448585541,0.0,0.0,0.0,0.0,0.3574315222272115,True
eda4b0d7-d7c9-44dd-95ab-5c177fe944fa,,2942,29420,0.46,64,0.6638341264445955,0.0,0.0,0.0,0.0,0.33854520734194427,True
f5028a73-8ca8-4e24-a87f-c2b8142160cb,,2354,23540,0.386,64,0.6333899745114698,0.0,0.0,0.0,0.0,0.3394222599830076,True
1141110c-85e9-4f54-b743-a4933bb4d595,,1820,18200,0.326,64,0.7025824175824176,0.0,0.0,0.0,0.0,0.3554945054945055,True
c29d0d38-d0bf-4a3b-9a22-a40771dc8e8f,,2163,21630,0.354,64,0.6485436893203883,0.0,0.0,0.0,0.0,0.36384650947757746,True
2b5fced7-13c4-4fee-83c6-3e934644ce3c,,2336,23360,0.419,64,0.7193493150684932,0.0,0.0,0.0,0.0,0.4066780821917808,True
078caea0-75c5-4990-9d61-31e82c57ac07,,2298,22980,0.403,64,0.6668842471714534,0.0,0.0,0.0,0.0,0.3224543080939948,True
e6e63b19-e538-4ceb-9c8e-e895a91aa675,,2053,20530,0.335,64,0.6638090599123234,0.0,0.0,0.0,0.0,0.3136872868972236,True
819378a3-c4ae-421c-a8be-89d8900648de,,1572,15720,0.295,64,0.7033078880407124,0.0,265.0,2825.0,0.0,0.388676844783715,True
a53fd4c2-83df-48cb-ac0b-f487d1001fd1,,2253,22530,0.38,64,0.6974256546826454,0.0,0.0,1.0,0.004349755881047492,0.3146915224145584,True
b576cfa6-7b76-4563-b5b2-d7fc727bc2cf,,2521,25210,0.412,64,0.635620785402618,0.0,0.0,0.0,0.0,0.31654105513685044,True
83fd1203-2aae-473a-9177-49eac5ad3b68,,2286,22860,0.365,64,0.705424321959755,0.0,0.0,0.0,0.0,0.3867016622922135,True
db4bc1d3-9f5b-46dc-aca0-8f62c7ba4188,,2934,29340,0.482,64,0.6845944103612815,0.0,0.0,0.0,0.008759372869802318,0.37934560327198363,True
befad53d-36d3-445e-8ff0-08ee2d9d7464,,2574,25740,0.47,64,0.6406371406371406,0.0,0.0,0.0,0.0,0.3644133644133644,True
ea589505-2794-4284-82c3-8bf27d444d40,,1855,18550,0.368,64,0.6474393530997304,0.0,0.0,1.0,0.0,0.3504043126684636,True
e7b7d8a5-2e46-4733-8e8c-189c57e3f667,,2228,22280,0.35,64,0.6581238779174147,0.0,0.0,0.0,0.0,0.4008078994614004,True
5e26877a-38bc-4368-beeb-808138fca969,,2123,21230,0.379,64,0.6923221855864343,0.0,0.0,0.0,0.0,0.39566650965614697,True
ea853049-fe5c-4e08-8760-36e4ecf6ef6c,,2574,25740,0.488,64,0.6911033411033412,0.0,0.0,0.0,0.0,0.3927738927738928,True
9bb5d639-e2ce-4f32-8f8d-42f1c5d39ebd,,2488,24880,0.368,64,0.6822749196141479,0.0,0.0,0.0,0.0,0.36736334405144694,True
52d2421e-262a-4f0e-9ad4-e82ae6747849,,2507,25070,0.421,64,0.6664938173115277,0.0,0.0,0.0,0.0,0.3167132030315118,True
f4d8e134-a06b-4b4c-8cc9-b7ea2fd8d832,,1750,17500,0.25,64,0.6701714285714285,0.0,0.0,0.0,0.0,0.4062857142857143,True
6bc9e495-8fa1-4983-b036-6cd0cc2efd21,,2538,25380,0.411,64,0.6817572892040977,0.0,0.0,0.0,0.0034278959810874706,0.367612293144208,True
ff260676-5b47-4c20-8153-29ac9bc12d7f,,2767,27670,0.498,64,0.6701120346946151,0.0,0.0,0.0,0.012902059992771955,0.3397181062522588,True
f5b951d5-067b-4cc3-bea8-0dd4d278c137,,2282,22820,0.376,64,0.6969763365468887,0.0,0.0,1.0,0.0,0.4022787028921998,True
0135598b-a7df-406f-aa2d-18c31d257220,,1980,19800,0.333,64,0.6372727272727273,0.0,0.0,0.0,0.0,0.35808080808080806,True
6653ee6b-b116-4957-969e-7afeafd64ef6,,3706,37060,0.642,64,0.699271451699946,0.0,0.0,0.0,0.0033998920669185105,0.3418780356179169,True
4168e609-f1b2-4a09-a687-9bbe60ef5f58,,2180,21800,0.399,64,0.691743119266055,0.0,0.0,0.0,0.0,0.3536697247706422,True
9d32953e-cc41-48b9-8317-3e94acb0b5b6,,2966,29660,0.493,64,0.6938300741739717,0.0,0.0,0.0,0.0,0.39413351314902223,True
31b84c02-3eca-48aa-97a5-4b6001802fc9,,2408,24080,0.41,64,0.6545681063122923,0.0,0.0,0.0,0.0,0.3691860465116279,True
d50d9e1a-fb14-4e50-a044-cb44edb39854,,1611,16110,0.239,64,0.7111111111111111,0.0,0.0,0.0,0.0,0.3929236499068901,True
021eb6ab-09f2-43a1-8afd-5b0182033222,,3473,34730,0.557,64,0.6905269219694788,0.0,0.0,1.0,0.0,0.3458105384393896,True
4c094eef-71c9-47c4-80bb-0bf3c4161d62,,2199,21990,0.386,64,0.7020009095043201,0.0,0.0,0.0,0.0,0.36425648021828105,True
226743fc-c08f-4d49-ab8f-4569f8319a06,,3318,33180,0.667,64,0.6867992766726944,0.0,0.0,2.0,0.0,0.38245931283905965,True
ccc9b73a-1241-4863-bf1e-cc047e5ee217,,2528,25280,0.257,64,0.6572784810126582,0.0,0.0,0.0,0.0,0.3635284810126582,True
d0ce3ee4-3221-454c-beb8-af0a9b58a783,,2375,23750,0.38,64,0.6671157894736842,0.0,0.0,0.0,0.003494736842105263,0.4025263157894737,True
45cb1cbb-7350-4c0e-8224-1199f121427a,,1496,14960,0.275,64,0.7142379679144385,0.0,0.0,0.0,0.0,0.3442513368983957,True
e1c13024-2d9f-454f-89c2-8e254f7163f7,,2743,27430,0.474,64,0.6564710171345243,0.0,0.0,0.0,0.0,0.35435654393000365,True
1b2851c0-720e-4e95-a34a-0f17b700c539,,2165,21650,0.333,64,0.6590762124711317,0.0,0.0,0.0,0.0,0.37321016166281756,True
12c0663b-53b8-4be5-b298-329f2db34019,,2353,23530,0.37,64,0.6875053123671908,0.0,0.0,0.0,0.0,0.33744156396090097,True
993b8051-6956-4dd3-bd4f-dd330f2a479e,,2241,22410,0.331,64,0.6174921909861669,0.0,0.0,1.0,0.0,0.3868808567603748,True
9e01a088-fb16-4db7-a95b-810758b424db,,2757,27570,0.473,64,0.6653246282190787,0.0,0.0,0.0,0.0,0.36887921653971706,True
e4230fbf-7ef1-423e-91ef-d8b0325d4ed6,,3867,38670,0.473,64,0.7207137315748642,0.0,0.0,0.0,0.0,0.37807085596069306,True
bf6fc786-a70c-4e5d-a993-fbc0c2f6d483,,2267,22670,0.383,64,0.7082928981032202,0.0,0.0,0.0,0.0,0.47198941332157035,True
c4dd73e1-ca68-499b-bc1b-06ccd86c54d0,,2177,21770,0.36,64,0.7363344051446945,0.0,0.0,0.0,0.17239320165365182,0.27698667891593937,True
e0c9214c-75c8-4cf1-a05e-3fc75da9a8f5,,2591,25910,0.403,64,0.5883056734851408,0.0,0.0,0.0,0.0,0.2740254727904284,True
4bb7298f-81f4-4ad3-a8c9-884316237f19,,2791,27910,0.289,64,0.6795055535650305,0.0,0.0,0.0,0.005804371193120745,0.3604442852024364,True
9d7d232d-40a0-4ef4-acce-6d789c3f0c1d,,3050,30500,0.571,64,0.6887868852459016,0.0,0.0,0.0,0.0,0.3839344262295082,True
b1bb5332-faf3-4975-963f-241de417ce38,,2564,25640,0.294,64,0.6696957878315133,0.0,0.0,0.0,0.0,0.3233229329173167,True
9c343c4b-7fd5-41df-b320-a09aa5e622e2,,2471,24710,0.216,64,0.6831242411978956,0.0,0.0,0.0,0.006070416835289356,0.4103601780655605,True
13fcf8af-43f0-4e86-a9ba-f0139b5eb208,,1992,19920,0.208,64,0.7004518072289156,0.0,0.0,0.0,0.0,0.3985943775100402,True
9c1f83d1-e020-4e84-a3f8-84312c849159,,2213,22130,0.389,64,0.6338002711251695,0.0,0.0,0.0,0.0,0.33167645729778583,True
7fcd23e0-bd40-4f34-9a02-783946082b53,,2617,26170,0.319,64,0.6840275124188001,0.0,0.0,1.0,0.0,0.3901413832632786,True
cac9bf49-df6f-4f2a-9801-d8924af396e4,,1897,18970,0.19,64,0.6583552978386926,0.0,0.0,0.0,0.0,0.3800738007380074,True
085b6b8a-4ea2-4348-a79a-f4a9840a40be,,1760,17600,0.173,64,0.6906818181818182,0.0,0.0,0.0,0.0,0.39431818181818185,True
81ff1013-0f7c-4e1b-a7f4-2302d3807d6c,,1610,16100,0.346,64,0.6073913043478261,0.0,0.0,0.0,0.0,0.3372670807453416,True
0274166d-2d47-476f-ae3c-0bfad9adb1c5,,2683,26830,0.298,64,0.6835259038389863,0.0,0.0,0.0,0.0,0.3738352590383899,True
0e669b30-37eb-48aa-aba3-8d6e5949ace3,,2473,24730,0.253,64,0.7106752931661949,0.0,0.0,0.0,0.0,0.36878285483218765,True
1471a711-f596-48be-9bf3-c57c71f888d0,,1991,19910,0.197,64,0.6544450025113009,0.0,0.0,0.0,0.0,0.40733299849321947,True
