time	task	delta_logloss	lower_bound	level	n_matches	seed	candidate_model
2026-09-28T20:26:57	gbdt_wp	0.000000	0.000000	0.99667	6293	20260928	{categorical: [bomb_site, tier, platform, map_name], early_stopping_rounds: 100, es_fraction: 0.1, features: [ct_alive, t_alive, ct_hp_sum, t_hp_sum, ct_armor_sum, t_armor_sum, ct_helmets, t_helmets, ct_kits, ct_equip_value, t_equip_value, ct_primaries, t_primaries, ct_flashes, t_flashes, ct_smokes, t_smokes, ct_molotovs, t_molotovs, ct_hes, t_hes, man_advantage, bomb_planted, bomb_site, time_remaining_s, tier, platform, map_name], label: y_ct_win, monotone: {ct_alive: 1, ct_equip_value: 1, ct_hp_sum: 1, man_advantage: 1, t_alive: -1, t_equip_value: -1, t_hp_sum: -1}, num_boost_round: 2000, params: {bagging_fraction: 0.8, bagging_freq: 1, feature_fraction: 0.8, lambda_l2: 1.0, learning_rate: 0.03, min_data_in_leaf: 200, num_leaves: 31, num_threads: 16}, seed: 20260928, stratum: tier, train_row_fraction: 0.25}
2026-09-28T20:31:06	gbdt_wp	0.000087	-0.000001	0.99667	6293	20260928	{categorical: [bomb_site, tier, platform, map_name], early_stopping_rounds: 100, es_fraction: 0.1, features: [ct_alive, t_alive, ct_hp_sum, t_hp_sum, ct_armor_sum, t_armor_sum, ct_helmets, t_helmets, ct_kits, ct_equip_value, t_equip_value, ct_primaries, t_primaries, ct_flashes, t_flashes, ct_smokes, t_smokes, ct_molotovs, t_molotovs, ct_hes, t_hes, man_advantage, bomb_planted, bomb_site, time_remaining_s, tier, platform, map_name], label: y_ct_win, monotone: {ct_alive: 1, ct_equip_value: 1, ct_hp_sum: 1, man_advantage: 1, t_alive: -1, t_equip_value: -1, t_hp_sum: -1}, num_boost_round: 2000, params: {bagging_fraction: 0.8, bagging_freq: 1, feature_fraction: 0.8, lambda_l2: 1.0, learning_rate: 0.03, min_data_in_leaf: 200, num_leaves: 63, num_threads: 16}, seed: 20260928, stratum: tier, train_row_fraction: 0.25}
2026-09-28T20:35:46	gbdt_wp	0.000024	-0.000153	0.99667	6293	20260928	{categorical: [bomb_site, tier, platform, map_name], early_stopping_rounds: 100, es_fraction: 0.1, features: [ct_alive, t_alive, ct_hp_sum, t_hp_sum, ct_armor_sum, t_armor_sum, ct_helmets, t_helmets, ct_kits, ct_equip_value, t_equip_value, ct_primaries, t_primaries, ct_flashes, t_flashes, ct_smokes, t_smokes, ct_molotovs, t_molotovs, ct_hes, t_hes, man_advantage, bomb_planted, bomb_site, time_remaining_s, tier, platform, map_name, ct_money_sum, t_money_sum], label: y_ct_win, monotone: {ct_alive: 1, ct_equip_value: 1, ct_hp_sum: 1, man_advantage: 1, t_alive: -1, t_equip_value: -1, t_hp_sum: -1}, num_boost_round: 2000, params: {bagging_fraction: 0.8, bagging_freq: 1, feature_fraction: 0.8, lambda_l2: 1.0, learning_rate: 0.03, min_data_in_leaf: 200, num_leaves: 31, num_threads: 16}, seed: 20260928, stratum: tier, train_row_fraction: 0.25}
2026-09-28T20:39:26	gbdt_wp	0.000100	0.000017	0.99667	6293	20260928	{categorical: [bomb_site, tier, platform, map_name], early_stopping_rounds: 100, es_fraction: 0.1, features: [ct_alive, t_alive, ct_hp_sum, t_hp_sum, ct_armor_sum, t_armor_sum, ct_helmets, t_helmets, ct_kits, ct_equip_value, t_equip_value, ct_primaries, t_primaries, ct_flashes, t_flashes, ct_smokes, t_smokes, ct_molotovs, t_molotovs, ct_hes, t_hes, man_advantage, bomb_planted, bomb_site, time_remaining_s, tier, platform, map_name, second_in_round], label: y_ct_win, monotone: {ct_alive: 1, ct_equip_value: 1, ct_hp_sum: 1, man_advantage: 1, t_alive: -1, t_equip_value: -1, t_hp_sum: -1}, num_boost_round: 2000, params: {bagging_fraction: 0.8, bagging_freq: 1, feature_fraction: 0.8, lambda_l2: 1.0, learning_rate: 0.03, min_data_in_leaf: 200, num_leaves: 31, num_threads: 16}, seed: 20260928, stratum: tier, train_row_fraction: 0.25}
2026-09-28T20:43:18	gbdt_wp	0.000003	-0.000064	0.99667	6293	20260928	{categorical: [bomb_site, tier, platform, map_name], early_stopping_rounds: 100, es_fraction: 0.1, features: [ct_alive, t_alive, ct_hp_sum, t_hp_sum, ct_armor_sum, t_armor_sum, ct_helmets, t_helmets, ct_kits, ct_equip_value, t_equip_value, ct_primaries, t_primaries, ct_flashes, t_flashes, ct_smokes, t_smokes, ct_molotovs, t_molotovs, ct_hes, t_hes, man_advantage, bomb_planted, bomb_site, time_remaining_s, tier, platform, map_name, second_in_round], label: y_ct_win, monotone: {ct_alive: 1, ct_equip_value: 1, ct_hp_sum: 1, man_advantage: 1, t_alive: -1, t_equip_value: -1, t_hp_sum: -1}, num_boost_round: 2000, params: {bagging_fraction: 0.8, bagging_freq: 1, feature_fraction: 0.8, lambda_l2: 1.0, learning_rate: 0.03, min_data_in_leaf: 1000, num_leaves: 31, num_threads: 16}, seed: 20260928, stratum: tier, train_row_fraction: 0.25}
2026-09-28T20:46:42	gbdt_wp	0.000030	-0.000026	0.99667	6293	20260928	{categorical: [bomb_site, tier, platform, map_name], early_stopping_rounds: 100, es_fraction: 0.1, features: [ct_alive, t_alive, ct_hp_sum, t_hp_sum, ct_armor_sum, t_armor_sum, ct_helmets, t_helmets, ct_kits, ct_equip_value, t_equip_value, ct_primaries, t_primaries, ct_flashes, t_flashes, ct_smokes, t_smokes, ct_molotovs, t_molotovs, ct_hes, t_hes, man_advantage, bomb_planted, bomb_site, time_remaining_s, tier, platform, map_name, second_in_round], label: y_ct_win, monotone: {ct_alive: 1, ct_equip_value: 1, ct_hp_sum: 1, man_advantage: 1, t_alive: -1, t_equip_value: -1, t_hp_sum: -1}, num_boost_round: 2000, params: {bagging_fraction: 0.8, bagging_freq: 1, feature_fraction: 0.8, lambda_l2: 10.0, learning_rate: 0.03, min_data_in_leaf: 200, num_leaves: 31, num_threads: 16}, seed: 20260928, stratum: tier, train_row_fraction: 0.25}
2026-09-28T20:51:30	gbdt_wp	-0.000016	-0.000111	0.99667	6293	20260928	{categorical: [bomb_site, tier, platform, map_name], early_stopping_rounds: 100, es_fraction: 0.1, features: [ct_alive, t_alive, ct_hp_sum, t_hp_sum, ct_armor_sum, t_armor_sum, ct_helmets, t_helmets, ct_kits, ct_equip_value, t_equip_value, ct_primaries, t_primaries, ct_flashes, t_flashes, ct_smokes, t_smokes, ct_molotovs, t_molotovs, ct_hes, t_hes, man_advantage, bomb_planted, bomb_site, time_remaining_s, tier, platform, map_name, second_in_round], label: y_ct_win, monotone: {ct_alive: 1, ct_equip_value: 1, ct_hp_sum: 1, man_advantage: 1, t_alive: -1, t_equip_value: -1, t_hp_sum: -1}, num_boost_round: 2000, params: {bagging_fraction: 0.8, bagging_freq: 1, feature_fraction: 0.8, lambda_l2: 1.0, learning_rate: 0.03, min_data_in_leaf: 200, num_leaves: 31, num_threads: 16}, seed: 20260928, stratum: tier, train_row_fraction: 0.5}
2026-09-28T20:55:13	gbdt_wp	-0.000055	-0.000210	0.99667	6293	20260928	{categorical: [bomb_site, map_name], early_stopping_rounds: 100, es_fraction: 0.1, features: [ct_alive, t_alive, ct_hp_sum, t_hp_sum, ct_armor_sum, t_armor_sum, ct_helmets, t_helmets, ct_kits, ct_equip_value, t_equip_value, ct_primaries, t_primaries, ct_flashes, t_flashes, ct_smokes, t_smokes, ct_molotovs, t_molotovs, ct_hes, t_hes, man_advantage, bomb_planted, bomb_site, time_remaining_s, map_name, second_in_round], label: y_ct_win, monotone: {ct_alive: 1, ct_equip_value: 1, ct_hp_sum: 1, man_advantage: 1, t_alive: -1, t_equip_value: -1, t_hp_sum: -1}, num_boost_round: 2000, params: {bagging_fraction: 0.8, bagging_freq: 1, feature_fraction: 0.8, lambda_l2: 1.0, learning_rate: 0.03, min_data_in_leaf: 200, num_leaves: 31, num_threads: 16}, seed: 20260928, stratum: tier, train_row_fraction: 0.25}
2026-09-28T20:59:27	gbdt_wp	-0.000095	-0.000308	0.99667	6293	20260928	{categorical: [bomb_site, tier, platform], early_stopping_rounds: 100, es_fraction: 0.1, features: [ct_alive, t_alive, ct_hp_sum, t_hp_sum, ct_armor_sum, t_armor_sum, ct_helmets, t_helmets, ct_kits, ct_equip_value, t_equip_value, ct_primaries, t_primaries, ct_flashes, t_flashes, ct_smokes, t_smokes, ct_molotovs, t_molotovs, ct_hes, t_hes, man_advantage, bomb_planted, bomb_site, time_remaining_s, tier, platform, second_in_round], label: y_ct_win, monotone: {ct_alive: 1, ct_equip_value: 1, ct_hp_sum: 1, man_advantage: 1, t_alive: -1, t_equip_value: -1, t_hp_sum: -1}, num_boost_round: 2000, params: {bagging_fraction: 0.8, bagging_freq: 1, feature_fraction: 0.8, lambda_l2: 1.0, learning_rate: 0.03, min_data_in_leaf: 200, num_leaves: 31, num_threads: 16}, seed: 20260928, stratum: tier, train_row_fraction: 0.25}
2026-09-28T21:03:27	gbdt_wp	-0.000459	-0.000564	0.99667	6293	20260928	{categorical: [bomb_site, tier, platform, map_name], early_stopping_rounds: 100, es_fraction: 0.1, features: [ct_alive, t_alive, ct_hp_sum, t_hp_sum, ct_armor_sum, t_armor_sum, ct_helmets, t_helmets, ct_kits, ct_equip_value, t_equip_value, ct_primaries, t_primaries, ct_flashes, t_flashes, ct_smokes, t_smokes, ct_molotovs, t_molotovs, ct_hes, t_hes, man_advantage, bomb_planted, bomb_site, time_remaining_s, tier, platform, map_name, second_in_round], label: y_ct_win, monotone: {ct_alive: 1, ct_equip_value: 1, ct_hp_sum: 1, man_advantage: 1, t_alive: -1, t_equip_value: -1, t_hp_sum: -1}, num_boost_round: 2000, params: {bagging_fraction: 0.8, bagging_freq: 1, feature_fraction: 1.0, lambda_l2: 1.0, learning_rate: 0.03, min_data_in_leaf: 200, num_leaves: 31, num_threads: 16}, seed: 20260928, stratum: tier, train_row_fraction: 0.25}
2026-09-28T21:22:20	gbdt_wp	-0.000196	-0.000488	0.99667	6293	20260928	{categorical: [bomb_site, tier, platform, map_name], early_stopping_rounds: 100, es_fraction: 0.1, features: [ct_alive, t_alive, ct_hp_sum, t_hp_sum, ct_armor_sum, t_armor_sum, ct_helmets, t_helmets, ct_kits, ct_equip_value, t_equip_value, ct_primaries, t_primaries, ct_flashes, t_flashes, ct_smokes, t_smokes, ct_molotovs, t_molotovs, ct_hes, t_hes, man_advantage, bomb_planted, bomb_site, time_remaining_s, tier, platform, map_name, second_in_round, ct_rank_alive, t_rank_alive, rank_diff_alive], label: y_ct_win, monotone: {ct_alive: 1, ct_equip_value: 1, ct_hp_sum: 1, man_advantage: 1, t_alive: -1, t_equip_value: -1, t_hp_sum: -1}, num_boost_round: 2000, params: {bagging_fraction: 0.8, bagging_freq: 1, feature_fraction: 0.8, lambda_l2: 1.0, learning_rate: 0.03, min_data_in_leaf: 200, num_leaves: 31, num_threads: 16}, seed: 20260928, stratum: tier, train_row_fraction: 0.25}
2026-09-28T21:26:16	gbdt_wp	0.000161	-0.000104	0.99667	6293	20260928	{categorical: [bomb_site, tier, platform, map_name], early_stopping_rounds: 100, es_fraction: 0.1, features: [ct_alive, t_alive, ct_hp_sum, t_hp_sum, ct_armor_sum, t_armor_sum, ct_helmets, t_helmets, ct_kits, ct_equip_value, t_equip_value, ct_primaries, t_primaries, ct_flashes, t_flashes, ct_smokes, t_smokes, ct_molotovs, t_molotovs, ct_hes, t_hes, man_advantage, bomb_planted, bomb_site, time_remaining_s, tier, platform, map_name, second_in_round, rank_diff_alive], label: y_ct_win, monotone: {ct_alive: 1, ct_equip_value: 1, ct_hp_sum: 1, man_advantage: 1, t_alive: -1, t_equip_value: -1, t_hp_sum: -1}, num_boost_round: 2000, params: {bagging_fraction: 0.8, bagging_freq: 1, feature_fraction: 0.8, lambda_l2: 1.0, learning_rate: 0.03, min_data_in_leaf: 200, num_leaves: 31, num_threads: 16}, seed: 20260928, stratum: tier, train_row_fraction: 0.25}
